symbol,entry_day,exit_day,notional,funding,fees,basis,pnl,reason,payments,positive,qty,mult,entry_perp,entry_spot,exit_perp,exit_spot
XTZUSDT,1581206400000,1581552000000,8.9349,0.04022741716500001,0.026674941735000006,-0.14165852999999645,-0.12810605456999646,watchdog,9.0,9.0,3.9000000000000004,1.0,2.2898545,2.29584735,3.4251300000000002,3.3948001500000005
ONTUSDT,1581638400000,1583107200000,8.2016,0.162920489816,0.016393251900000003,-0.014460400000002885,0.1320668379159971,signal,51.0,48.0,8.0,1.0,1.0246874,1.0259127000000001,0.6825411,0.68195885
BNBUSDT,1581552000000,1583366400000,8.993680000000001,0.17771802762160008,0.018925459159500002,-0.009177382000001677,0.1496151864620984,signal,63.0,36.0,0.34,1.0,26.438774000000002,26.426806799999998,19.9789845,19.940025000000002
BATUSDT,1583107200000,1583712000000,13.0014,0.16671130009399998,0.029919187635,-0.01873329999999963,0.11805881245900035,signal,21.0,20.0,62.0,1.0,0.20959515,0.2097048,0.19259625,0.19240375
TRXUSDT,1580515200000,1584057600000,8.976,0.46530173966400007,0.01559521044,0.020604000000001503,0.47031052922400157,signal,123.0,121.0,480.0,1.0,0.018690650000000003,0.018669329999999998,0.00838419,0.008405795
XRPUSDT,1580515200000,1584144000000,8.985,0.6809021070750001,0.01792170253125,-0.008184749999994884,0.6547956545437552,signal,126.0,122.0,37.5,1.0,0.23948020000000003,0.23958973499999997,0.15877934999999999,0.158670625
EOSUSDT,1580515200000,1584144000000,8.712900000000001,0.520138956267,0.015770801024999996,-0.011463059999996035,0.492905095242004,signal,126.0,122.0,2.1,1.0,4.1469255,4.1482731,2.113056,2.108945
ADAUSDT,1580688000000,1584144000000,8.97897,0.5794852663284995,0.016263991500750002,-0.0055037850000022315,0.5577174898277473,signal,120.0,117.0,161.0,1.0,0.055742115,0.055747859999999996,0.02845422,0.02842578
ATOMUSDT,1581292800000,1584144000000,9.044,0.38772051559400006,0.01495991904,-0.0010658999999993337,0.3716946965540007,signal,99.0,94.0,1.9000000000000001,1.0,4.75762,4.7593784999999995,1.8019005,1.803098
VETUSDT,1583366400000,1584144000000,13.200096,-0.034448103842879996,0.023196096214199997,0.06148287599999975,0.003838675942919756,signal,27.0,22.0,2184.0,1.0,0.006040978,0.0060360165,0.0027983985,0.0028215885
BATUSDT,1584057600000,1584144000000,13.176,-0.0030621269999999996,0.0349033707,0.05493000000000554,0.01696450230000554,signal,3.0,1.0,120.0,1.0,0.1097451,0.110055,0.13196594999999997,0.1327336
XMRUSDT,1583712000000,1584230400000,13.20696,0.012953308469400005,0.025985229542999998,0.020467979999995743,0.007436058926395751,signal,18.0,13.0,0.234,1.0,56.41178,56.40819,36.07803,36.16191
DASHUSDT,1581033600000,1584316800000,8.94216,0.5620145273474,0.0148902284775,0.035686870000001605,0.5828111688699016,signal,114.0,109.0,0.074,1.0,120.77958000000001,120.290115,47.213595,47.206385
ZECUSDT,1581120000000,1584403200000,8.987910000000001,0.5218522817501999,0.014642855578500001,0.008753420000000699,0.5159628461717006,signal,114.0,110.0,0.131,1.0,68.57569500000001,68.41418999999999,24.732359999999996,24.637675
XLMUSDT,1580515200000,1584576000000,8.93319,0.6223852060607997,0.017204144154750002,0.025352355000002637,0.6305334169060524,signal,141.0,134.0,147.0,1.0,0.060739615000000004,0.0606303,0.036818399999999994,0.036881550000000006
BNBUSDT,1584403200000,1584576000000,13.204800000000002,0.00089238919,0.0333012822975,-0.025371990000000746,-0.05778088310750074,signal,6.0,1.0,1.4000000000000001,1.0,9.427284,9.433714499999999,10.398196500000001,10.38650415
XTZUSDT,1584403200000,1584748800000,13.1373,0.002109005514000003,0.0357448981725,-0.01989602999999744,-0.05353192265849743,signal,12.0,10.0,9.9,1.0,1.3263365,1.3238615999999999,1.6868429999999999,1.6823584
BATUSDT,1584489600000,1584921600000,13.16,-0.004833748751999999,0.032430614159999996,-0.02702559999999725,-0.06428996291199725,signal,15.0,11.0,112.0,1.0,0.11744125,0.11755874999999999,0.12386189999999998,0.1237381
ATOMUSDT,1584835200000,1585526400000,13.20921,0.019144014206099996,0.0293747900985,-0.00011570999999329853,-0.010346485892393304,signal,24.0,17.0,6.09,1.0,2.1679155000000003,2.1700844999999997,1.848924,1.851074
BATUSDT,1585267200000,1585526400000,13.171800000000001,-0.016124627415000002,0.0294463071,-0.05933399999999507,-0.10490493451499508,signal,9.0,6.0,87.0,1.0,0.15132430000000002,0.15187589999999998,0.13046519999999998,0.1303348
XMRUSDT,1584576000000,1585872000000,13.18624,0.2439029596592,0.037501037508,-0.07396967999999854,0.13243224215120147,signal,45.0,34.0,0.356,1.0,37.021480000000004,37.13856,50.74536,50.65466
XTZUSDT,1585008000000,1585872000000,13.0572,0.012656264087999995,0.03126475521000001,-0.041653559999996356,-0.06026205112199637,signal,30.0,28.0,7.800000000000001,1.0,1.673163,1.6760376,1.6668329999999998,1.6643674000000002
ONTUSDT,1585785600000,1586649600000,17.1166,0.08342158079600001,0.042856377825,-0.04950749999999378,-0.008942297028993768,signal,30.0,24.0,46.0,1.0,0.37191395,0.3729864,0.4038018,0.40379800000000005
ATOMUSDT,1586131200000,1586736000000,17.18912,0.02656850360320001,0.04354367784,-0.027967679999995068,-0.04494285423679506,signal,21.0,17.0,8.32,1.0,2.0649669999999998,2.0660325,2.2971479999999995,2.294852
XMRUSDT,1586476800000,1586908800000,17.207349999999998,-0.004433735539999997,0.039799526159999994,-0.039063900000005196,-0.08329716170000519,signal,15.0,12.0,0.295,1.0,58.300835,58.399184999999996,54.08703,54.05296
BATUSDT,1585958400000,1586995200000,17.1717,0.144455472189,0.042809472037500004,-0.07137024999999826,0.030275750151501746,signal,36.0,33.0,119.0,1.0,0.14422785000000002,0.1446723,0.15537764999999998,0.15522235
XTZUSDT,1586131200000,1587168000000,17.1701,0.08105064190800002,0.046353975285,-0.0056742699999940555,0.029022396623005958,signal,36.0,33.0,10.3,1.0,1.6661665,1.6641316499999999,2.0870429999999995,2.0844572500000003
XMRUSDT,1587254400000,1587513600000,17.170959999999997,-0.009162580514399995,0.040175015436,-0.0038775999999943675,-0.05321519595039437,signal,9.0,7.0,0.296,1.0,57.980995,58.00899,55.097535,55.11243
BATUSDT,1587427200000,1588032000000,17.149,0.06902068954000001,0.0445429974,-0.08111400000000013,-0.056636307860000124,signal,21.0,16.0,110.0,1.0,0.15582205000000002,0.15637815,0.18139065,0.18120935
EOSUSDT,1584403200000,1588204800000,13.0617,0.229162901361,0.03913017229125,-0.12207652500000225,0.06795620406974776,watchdog,129.0,129.0,6.9,1.0,1.8920535,1.8965477999999998,2.8392525,2.82605455
ADAUSDT,1586304000000,1588291200000,17.17038,0.15948371641859999,0.051601245129,-0.10445111999999979,0.003431351289600204,watchdog,66.0,66.0,486.0,1.0,0.035312335,0.03529764,0.053319860000000004,0.05309024500000001
TRXUSDT,1586217600000,1588723200000,17.1875,0.098779350375,0.044465217187499996,-0.024556249999996914,0.029757883187503095,signal,87.0,81.0,1250.0,1.0,0.013743125,0.01374687,0.01590795,0.01589205
IOSTUSDT,1587254400000,1589328000000,17.20887,0.17236313472699996,0.0412406362095,0.006069854000002012,0.13719235251750198,signal,72.0,69.0,5054.0,1.0,0.0034032975,0.0034067025,0.0033916949999999997,0.003396301
XTZUSDT,1588723200000,1589760000000,21.2135,0.288925304129,0.0496697586,-0.0075167400000036855,0.23173880552899634,signal,36.0,33.0,7.7,1.0,2.7536225,2.751375,2.625312,2.6220883
VETUSDT,1586563200000,1590710400000,17.211180000000002,0.4325113874511499,0.051540892318125,-0.07064350749999923,0.3103269876330257,watchdog,141.0,137.0,4765.0,1.0,0.0036101940000000006,0.0036108044999999997,0.005412106,0.005397891
ADAUSDT,1589328000000,1590883200000,21.281460000000003,0.1525386900222,0.06387623509200001,-0.11715563999999613,-0.028493185069796145,watchdog,51.0,49.0,422.0,1.0,0.05040478500000001,0.050455215,0.07584359500000001,0.07561640500000001
ONTUSDT,1586822400000,1590969600000,17.0632,0.8082834647799999,0.05114039403,-0.08061899999999148,0.6765240707500084,watchdog,141.0,138.0,44.0,1.0,0.3876061,0.38699339999999993,0.582873,0.5804280500000001
NEOUSDT,1588032000000,1591056000000,17.19108,0.30923963271,0.051385301072999996,-0.1287964199999979,0.1290579116370021,watchdog,102.0,101.0,2.04,1.0,8.4227865,8.431213499999998,12.596867,12.542158500000001
BATUSDT,1589760000000,1591488000000,21.1459,0.16913822589400007,0.054612157875,-0.004315699999998326,0.11021036801900175,signal,60.0,59.0,103.0,1.0,0.20519735000000003,0.20500244999999997,0.2369184,0.23668160000000002
LINKUSDT,1588291200000,1592956800000,21.20976,0.4859604726547999,0.05840867925749999,-0.0046346299999946924,0.42291716339730523,signal,162.0,61.0,5.72,1.0,3.7061460000000004,3.7032507,4.807402499999999,4.80369695
THETAUSDT,1591056000000,1593561600000,25.330950000000005,0.5483471031150001,0.055160581554000006,-0.016116641999984464,0.47706987956101565,signal,87.0,82.0,93.30000000000001,1.0,0.27136425000000003,0.27121554,0.22161075,0.22128930000000002
ATOMUSDT,1587254400000,1594339200000,17.1935,1.1927618252150007,0.051556084031250005,-0.11508342499999913,1.0261223161837516,watchdog,243.0,239.0,6.8500000000000005,1.0,2.508745,2.511255,3.7706475000000004,3.7563570000000004
ONTUSDT,1590969600000,1595289600000,25.2494,1.580021186866,0.070369820085,-0.11845689999999667,1.3911944667810032,signal,150.0,143.0,46.0,1.0,0.5486255500000001,0.54857415,0.72786375,0.7252372
IOTAUSDT,1591488000000,1595376000000,25.323999999999998,0.5664395755199998,0.06351349212,-0.03212559999998833,0.47080048340001146,signal,135.0,130.0,104.0,1.0,0.24337825000000002,0.24362174999999997,0.26543265,0.26536725000000005
ZECUSDT,1587686400000,1595808000000,17.177,1.2441151457836,0.051556226161500004,-0.20655438999999542,0.9860045296221045,watchdog,279.0,278.0,0.386,1.0,44.47775,44.50223999999999,67.130545,66.61992000000001
XLMUSDT,1590883200000,1596326400000,21.3444,1.5463193698302002,0.06398901731250001,-0.21440390999999542,1.2679264425177048,watchdog,186.0,186.0,294.0,1.0,0.07256370000000001,0.07256626499999999,0.10926365,0.10853695000000001
DASHUSDT,1586044800000,1596758400000,17.1935,1.0534427875172,0.05117706820199999,-0.11866527000000246,0.8836004493151977,watchdog,369.0,366.0,0.251,1.0,68.46575,68.58427499999999,101.59216,101.237915
BNBUSDT,1592956800000,1596844800000,25.413800000000002,0.7597406480399999,0.072027233049375,-0.053050377500000606,0.6346630374906242,signal,135.0,74.0,1.55,1.0,16.387802,16.3979949,22.345167,22.321133850000002
ZILUSDT,1595289600000,1596931200000,29.687279999999998,1.4170690002629998,0.08933279024250002,-0.07789466999999345,1.2498415400205063,watchdog,54.0,54.0,1722.0,1.0,0.01723138,0.017238615,0.026018970000000002,0.025980970000000003
XTZUSDT,1590710400000,1597104000000,21.27,2.182578808575,0.06367123040625,-0.15199462500000027,1.96691295316875,watchdog,219.0,219.0,7.5,1.0,2.834582,2.8324154999999998,4.2553735,4.23294105
SXPUSDT,1595808000000,1597190400000,29.651500000000002,1.9161984266165002,0.08858787191249999,0.008114250000010911,1.8357248047040111,watchdog,45.0,45.0,15.5,1.0,1.9120435000000002,1.9049519999999998,2.8592825,2.8527145000000003
SXPUSDT,1597190400000,1597363200000,34.184160000000006,0.17260518159719998,0.10156562006400001,-0.32401727999998636,-0.2529777184667864,watchdog,3.0,3.0,10.8,1.0,3.1636174,3.159579,4.6970350000000005,4.6629950000000004
OMGUSDT,1595376000000,1597622400000,29.696399999999997,2.110546239624,0.089619581655,-0.1232991000000046,1.8976275579689954,watchdog,75.0,75.0,18.0,1.0,1.6489751,1.6500245999999998,2.50304895,2.4972485
KAVAUSDT,1596844800000,1597622400000,33.92736000000001,1.7804380319904005,0.10163196151200002,-0.1546382399999953,1.5241678304784052,watchdog,24.0,24.0,9.600000000000001,1.0,3.5323329500000002,3.5322652499999996,5.30003815,5.283862300000001
ZRXUSDT,1594339200000,1597968000000,29.435399999999998,2.6273094042029994,0.09099426939750001,-0.25844985000001064,2.2778652848054888,watchdog,123.0,123.0,69.0,1.0,0.4263867,0.42631304999999997,0.675011,0.6711917000000001
KNCUSDT,1596326400000,1598918400000,32.6018,2.205435633317401,0.08662803576900001,0.13417338000001122,2.252980977548412,signal,90.0,87.0,22.0,1.0,1.48115905,1.4787389999999998,1.7994192599999999,1.803098
SNXUSDT,1597622400000,1599350400000,34.01540000000001,0.7142614765490002,0.06923090669250001,0.011190950000017491,0.6562215198565177,signal,60.0,58.0,5.300000000000001,1.0,6.414791,6.401198999999999,4.486242,4.4747615000000005
IOSTUSDT,1593561600000,1599609600000,29.531656,3.550734458252521,0.0777603677613,0.03682365400000963,3.5097977444912307,signal,210.0,209.0,5348.0,1.0,0.0055192390000000004,0.0055247609999999996,0.0065862915,0.006598699
ONTUSDT,1596931200000,1600128000000,33.6306,2.109026538183999,0.08751872163,0.0190761999999816,2.040584016553981,signal,111.0,109.0,46.0,1.0,0.73073445,0.73126545,0.8538267,0.8547724
BATUSDT,1599609600000,1600214400000,38.9205,0.04476588759000001,0.092507195325,-0.015081499999977835,-0.06282280773497782,signal,21.0,18.0,155.0,1.0,0.25097445,0.25122554999999996,0.24612299999999998,0.24627680000000002
ETCUSDT,1598918400000,1600473600000,38.91144,1.0112828348244003,0.08348295673799999,-0.11448852000000453,0.8133113580863958,signal,54.0,50.0,5.91,1.0,6.580708,6.5880924,5.1935955,5.1816079
SXPUSDT,1597363200000,1601510400000,34.26941,2.6947062604199004,0.057554317791750007,0.11239527499999201,2.7495472176281424,signal,144.0,140.0,7.9,1.0,4.335731050000001,4.32216,1.7434712999999997,1.7441275000000003
ZILUSDT,1597104000000,1601856000000,34.261289999999995,1.4322579620798994,0.07595958526650001,0.15606093000000662,1.512359306813406,signal,165.0,163.0,1371.0,1.0,0.024977505,0.024922455,0.02119059,0.021249370000000004
ETCUSDT,1601510400000,1601942400000,43.12,0.05878980832,0.10074095729999999,-0.07993000000000916,-0.12188114898000915,signal,15.0,11.0,8.0,1.0,5.387305,5.4027,5.0935455,5.0989492499999995
SUSHIUSDT,1600214400000,1602028800000,38.687,0.204683193396,0.06326500801500001,-0.0021197000000029442,0.13929848538099704,signal,63.0,60.0,22.0,1.0,1.75762075,1.7578785,0.6385191,0.6386805000000001
DOTUSDT,1600473600000,1602028800000,38.9906,0.09774976505400002,0.07999269889499999,0.02657488000001479,0.04433194615901481,signal,54.0,49.0,7.4,1.0,5.2663655,5.26212975,3.7448714999999995,3.7442269500000003
ETCUSDT,1602115200000,1602374400000,43.16268,-0.03168871434519999,0.10476909418799998,-0.20434013599998543,-0.3407979445331854,signal,9.0,5.0,8.36,1.0,5.1604185000000005,5.1761868,5.278638,5.2699637
SNXUSDT,1602374400000,1602547200000,42.85,-0.0406855616,0.10710096825,-0.01921499999999747,-0.16700152984999747,signal,6.0,4.0,10.0,1.0,4.2828575,4.298148,4.624311,4.63768
WAVESUSDT,1597622400000,1602892800000,34.42075,1.0296092844165001,0.0713041797975,0.13267225000000502,1.0909773546190051,signal,183.0,181.0,8.5,1.0,4.047475250000001,4.03611705,2.94757305,2.95182335
UNIUSDT,1601942400000,1602892800000,39.8808,0.08536895210400001,0.09163379790000001,0.0028356000000096804,-0.0034292457959903128,signal,33.0,27.0,12.0,1.0,3.3217383000000003,3.3206594999999997,3.0429207,3.0420782
OMGUSDT,1602892800000,1603152000000,42.915110000000006,-0.020343069170900004,0.10521046662,-0.18876689999998408,-0.3143204357908841,signal,9.0,7.0,13.3,1.0,3.22508665,3.2287135499999997,3.3713848499999997,3.36081875
IOSTUSDT,1602547200000,1604016000000,43.168032000000004,0.11150832961151998,0.0951517668996,-0.10132149600000176,-0.08496493328808179,signal,51.0,44.0,7344.0,1.0,0.005875061000000001,0.0058839405,0.0049194585,0.0049145415
SOLUSDT,1602892800000,1604188800000,43.165817000000004,0.17882728879987,0.0892479543951,0.026477159000003997,0.116056493404774,signal,45.0,41.0,20.17,1.0,2.13902995,2.1384687,1.5481737,1.54892515
KAVAUSDT,1597968000000,1604361600000,34.6788,1.3438569475319995,0.056000030703000005,0.09848953999999902,1.3863464568289985,signal,222.0,221.0,7.6000000000000005,1.0,4.5607185,4.552275,1.5820906499999998,1.5866063
RUNEUSDT,1604016000000,1604707200000,42.962399999999995,0.06255257302799999,0.11912305176,-0.0993059999999976,-0.15587647873199761,signal,24.0,21.0,108.0,1.0,0.3976011,0.39669825,0.5232615,0.5214391500000001
ATOMUSDT,1599350400000,1605484800000,39.04892,1.3413153634812005,0.09418538941650001,-0.03879880999999796,1.2083311640647025,signal,213.0,199.0,7.94,1.0,4.915541,4.912455,4.976487,4.9685145
ETHUSDT,1604361600000,1606089600000,47.12868,1.1155535447834999,0.14119271379675,-0.45692224500000644,0.5174385859867434,watchdog,57.0,57.0,0.123,1.0,382.96842000000004,383.201505,575.652185,572.170455
ICXUSDT,1605484800000,1606348800000,47.1546,1.235184744834,0.142476101415,-0.690048299999986,0.40266034341901413,watchdog,27.0,27.0,138.0,1.0,0.34152915,0.34127055,0.52228225,0.5170233000000001
RUNEUSDT,1606089600000,1606608000000,47.544,0.472599853712,0.11050578168,0.0423416000000246,0.4044356720320246,signal,18.0,13.0,56.0,1.0,0.8485755,0.85032495,0.7931963999999999,0.7957019500000001
AAVEUSDT,1606348800000,1607040000000,43.19840000000001,0.12225126536700001,0.1297785260625,-0.19125505000000426,-0.19878231069550426,watchdog,21.0,20.0,0.7000000000000001,1.0,61.681144,61.688829,92.97825850000001,92.71272200000001
BZRXUSDT,1600128000000,1608768000000,38.888999999999996,2.2866836748300003,0.06473602619999999,0.03603600000000076,2.257983648630001,signal,300.0,297.0,90.0,1.0,0.43188395,0.43091535000000003,0.16848419999999997,0.167916
ETCUSDT,1604707200000,1608768000000,47.26638,2.3084705159964005,0.11068186214925001,-0.08429406300000088,2.1134945908471496,signal,141.0,139.0,8.82,1.0,5.356320500000001,5.36237985,5.0995485,5.0960507
ZENUSDT,1608768000000,1609113600000,51.996,0.0497939565,0.15578906174999999,-0.49579500000000043,-0.6017901052500004,watchdog,9.0,8.0,6.0,1.0,8.661667000000001,8.654325,13.0365255,12.946551
BCHUSDT,1606608000000,1609718400000,47.76357,1.6146298320026002,0.14243295986775,-0.5738972249999934,0.8982996471348568,watchdog,105.0,105.0,0.17300000000000001,1.0,275.951955,276.11799,412.007085,408.85579500000006
ETHUSDT,1609113600000,1609804800000,52.133720000000004,1.0310922590384,0.155759291208,-0.49211139999999853,0.3832215678304014,watchdog,21.0,21.0,0.076,1.0,685.627015,685.44255,1026.5375000000001,1019.877885
VETUSDT,1596758400000,1609977600000,34.10825,4.293061739822023,0.100851496383,-0.12881002199998287,4.06340022143904,watchdog,456.0,454.0,1727.0,1.0,0.019740125,0.019713851999999997,0.029003440000000002,0.028902581
RLCUSDT,1608768000000,1610064000000,52.150560000000006,1.0690969797984002,0.15699400655400003,-0.4313559599999915,0.4807470132444087,watchdog,42.0,42.0,71.4,1.0,0.7300348000000001,0.7287642,1.1076590000000002,1.1003470000000002
EGLDUSDT,1609718400000,1610064000000,54.798,1.2745819526200002,0.16232302785000002,-0.6546809999999754,0.4575779247700247,watchdog,9.0,9.0,2.0,1.0,27.385300500000003,27.336661499999998,40.514681,40.1387015
ENJUSDT,1604188800000,1610150400000,47.2083,5.194963605674999,0.140796783945,-0.22097879999998987,4.833188021730009,watchdog,204.0,201.0,370.0,1.0,0.127526205,0.12710351999999997,0.19048530000000002,0.18946537500000002
ZECUSDT,1602028800000,1610323200000,43.165980000000005,3.140718954890401,0.13029532898850002,-0.31677398999998263,2.6936496359019184,watchdog,285.0,285.0,0.7020000000000001,1.0,61.459255000000006,61.47071999999999,93.48001000000001,93.04023000000001
RENUSDT,1610064000000,1610755200000,56.581199999999995,0.9753192712870001,0.16992188878875,-0.2608053250000065,0.5445920574982436,watchdog,21.0,21.0,155.0,1.0,0.36485748,0.364272045,0.5504844900000001,0.54821644
BZRXUSDT,1609804800000,1610841600000,56.4213,2.217439793101,0.1680597672,-0.4271812999999644,1.6221987259010358,watchdog,33.0,33.0,299.0,1.0,0.18860565,0.1884942,0.2808206,0.27928045
BNBUSDT,1607040000000,1610928000000,51.60959999999999,4.3953950443032,0.154868556654,-0.3949710239999946,3.8455554636492053,watchdog,132.0,89.0,1.68,1.0,30.70464,30.72525495,46.236250500000004,46.02176365
ENJUSDT,1610323200000,1610928000000,56.805839999999996,0.30417341399819997,0.17362537438050002,1.096714709999994,1.227262749617694,watchdog,18.0,18.0,306.0,1.0,0.18554718,0.18561276,0.28496681,0.288616425
BATUSDT,1601856000000,1611360000000,43.1548,4.110797275171,0.12910321545749998,-0.2945276500000112,3.6871664097134884,watchdog,327.0,321.0,193.0,1.0,0.2234882,0.22341165,0.33500175000000004,0.33339915
EGLDUSDT,1610064000000,1611878400000,55.7415,3.092214143535,0.16603560225000003,-0.29801700000000686,2.6281615412849932,watchdog,60.0,60.0,1.5,1.0,37.1424195,37.0495155,55.3398855,55.0483035
LRCUSDT,1610150400000,1612137600000,56.52066,3.4525736598212995,0.171442668978,-0.6510968799999857,2.630034110843314,watchdog,66.0,66.0,161.0,1.0,0.35088447,0.34963472999999995,0.54058967,0.53529585
TOMOUSDT,1609977600000,1612396800000,56.476499999999994,4.50957038296,0.16831968545624998,-0.4176828750000151,3.9235678225037347,watchdog,81.0,81.0,57.5,1.0,0.9817089,0.97798875,1.46689705,1.45591285
SXPUSDT,1603152000000,1612483200000,43.060080000000006,8.138912523132998,0.12958447191600003,-0.598956759999969,7.410371291217029,watchdog,321.0,321.0,36.1,1.0,1.1922036000000003,1.194597,1.8065057000000002,1.7923075
ALPHAUSDT,1611878400000,1612483200000,55.94632,2.5996986898174,0.1687191556635,-0.9516696900000128,1.4793098441538874,watchdog,18.0,18.0,34.0,1.0,1.6446572600000002,1.648473825,2.5033393850000003,2.479165665
IOTAUSDT,1610928000000,1612828800000,56.836,4.16288772341,0.16992867450000002,-0.5195969999999898,3.47336204891001,watchdog,63.0,63.0,130.0,1.0,0.4369814,0.43611795,0.6558823500000001,0.6510220000000001
FILUSDT,1611360000000,1612915200000,55.745,2.8851710821500003,0.16409186784375,-0.6257053750000254,2.095373839306225,watchdog,51.0,51.0,2.5,1.0,22.286851,22.3037463,32.5457455,32.31235865
EOSUSDT,1588204800000,1613001600000,17.1627,4.494266293161001,0.05122576783125,-0.19474078499999847,4.248299740329752,watchdog,858.0,857.0,5.7,1.0,3.0094945,3.0073028999999996,4.5037455,4.46738885
XLMUSDT,1610841600000,1613001600000,57.03992,5.6466898445439995,0.171032914017,-0.7862059799999959,4.689450950527004,watchdog,72.0,72.0,196.0,1.0,0.29087449000000004,0.290895375,0.438787195,0.43479682500000005
RSRUSDT,1612483200000,1613001600000,62.232894,2.6628428920213802,0.18339000764040003,-0.8885220659999908,1.5909308183809894,watchdog,15.0,15.0,1602.0,1.0,0.0388275765,0.038889435,0.0568381295,0.05634535500000001
YFIIUSDT,1610928000000,1613088000000,56.999500000000005,4.884982812742,0.1677272232225,-0.707646109999984,4.009609479519516,watchdog,72.0,72.0,0.029,1.0,1964.51725,1963.22112,2872.1017,2846.40398
YFIUSDT,1612137600000,1613088000000,60.4116,4.117254767312,0.18038892107250004,-0.4358525499999846,3.501013296239515,watchdog,30.0,30.0,0.002,1.0,30190.6971,30173.549235,45128.9921,44893.917960000006
LINKUSDT,1610755200000,1613174400000,56.904320000000006,5.5168897667448,0.17079624935550003,-0.5118385759999784,4.834254941389322,watchdog,81.0,81.0,2.74,1.0,20.757616000000002,20.75087025,31.312899,31.119350850000004
FTMUSDT,1613088000000,1613865600000,63.295790000000004,3.9654552931171496,0.19385036074987502,-0.39236676749998145,3.379238164867293,watchdog,24.0,24.0,355.0,1.0,0.17820885100000003,0.17756874,0.27832986950000005,0.27658450000000007
LUNAUSDT,1613088000000,1614038400000,63.362753999999995,4.36901608785723,0.18482110984349998,0.3607641690000092,4.544959147013739,watchdog,30.0,30.0,11.49,1.0,5.5118427,5.498247749999999,7.8900173,7.90782045
MKRUSDT,1613001600000,1614124800000,63.0215,3.9183938383849997,0.14268956385,-0.019432750000005633,3.756271524534994,signal,39.0,37.0,0.025,1.0,2519.5995700000003,2516.027385,2241.670275,2237.32078
AKROUSDT,1612828800000,1615680000000,62.82272,8.536511504599702,0.18286798059525,-0.3350855549999896,8.018557969004462,watchdog,96.0,96.0,1433.0,1.0,0.04381808,0.043615797,0.062924245,0.062488127000000004
ENJUSDT,1615680000000,1615852800000,69.58032,0.4323037431228,0.20621698081200002,-0.2021571999999896,0.023929562310810393,watchdog,3.0,3.0,34.0,1.0,2.04545676,2.0388989399999997,3.020794405,3.0082907850000002
KSMUSDT,1614124800000,1616112000000,48.3098,1.6203719737959998,0.14447834326500003,-0.307047099999984,1.1688465305310158,watchdog,66.0,66.0,0.2,1.0,241.42822550000002,241.1205,361.90905050000003,360.06608950000003
TRBUSDT,1613174400000,1616803200000,59.4,4.09663034194,0.14806781212499998,0.6616694999999956,4.610232029814996,signal,126.0,119.0,1.0,1.0,59.3703,59.277623999999996,63.721844999999995,64.29083849999999
DENTUSDT,1616803200000,1617494400000,70.788333,3.1185463308915295,0.21936218078486247,-0.9882482032499742,1.9109359468566929,watchdog,21.0,21.0,6699.0,1.0,0.0105617165,0.010546670699999998,0.016837218,0.01667465045
ZRXUSDT,1613001600000,1618012800000,63.189,10.592211223440001,0.18754522794,-0.5361467999999896,9.868519195500012,watchdog,171.0,171.0,42.0,1.0,1.50374775,1.50105015,2.2287381,2.2132751
1INCHUSDT,1612396800000,1618963200000,60.6156,16.580737988868005,0.14483627982,0.04007640000000576,16.47597810904801,signal,228.0,225.0,12.0,1.0,5.04877435,5.03821785,5.020408949999999,5.01319215
ALPHAUSDT,1612483200000,1618963200000,60.065200000000004,14.520186550310996,0.114440356173,0.02059433999999652,14.426340534137992,signal,225.0,224.0,26.0,1.0,2.3090449,2.3088538499999998,1.35865899,1.35926003
XEMUSDT,1616112000000,1618963200000,70.312,9.150485009176,0.16818206319,-0.2341821999999804,8.74812074598602,signal,99.0,98.0,188.0,1.0,0.373813,0.3737868,0.37248615,0.37121430000000005
LUNAUSDT,1618012800000,1618963200000,76.244166,3.70909750126734,0.1697155974009,-0.0928464119999525,3.4465354918664874,signal,33.0,31.0,4.86,1.0,15.680255950000001,15.676034099999999,13.437715499999998,13.41438945
LITUSDT,1613865600000,1619222400000,65.03490000000001,11.559032503452002,0.13645142114625003,-0.028689255000029446,11.393891827305723,signal,186.0,183.0,6.300000000000001,1.0,10.3178385,10.301248049999998,7.7548755,7.7337312
LRCUSDT,1612915200000,1619395200000,62.9478,13.265261353845002,0.12265114972499999,0.2739501000000202,13.416560304120022,signal,225.0,222.0,90.0,1.0,0.6990702900000001,0.6957477,0.43883931,0.43856061
DOGEUSDT,1618963200000,1619395200000,77.781375,-0.00512118619109999,0.1672601552225625,-0.05938842874998512,-0.2317697701636476,signal,15.0,11.0,245.0,1.0,0.3173162625,0.31747916025,0.25154370899999995,0.251464205
ETHUSDT,1619395200000,1620172800000,76.58343,0.4667209240551001,0.22933722702825,-0.5189987549999874,-0.2816150579731373,watchdog,24.0,24.0,0.033,1.0,2319.549645,2321.60022,3479.060775,3465.3841150000003
LTCUSDT,1618963200000,1620691200000,77.7333,2.5631683108054,0.235437113544,-0.5108018000000049,1.8169293972613954,watchdog,57.0,57.0,0.298,1.0,260.719575,260.860365,398.55694,396.98363
EOSUSDT,1620691200000,1620777600000,82.51190000000001,0.0,0.23960227793625002,-0.5703907649999632,-0.8099930429362132,watchdog,0.0,0.0,8.9,1.0,9.266364500000002,9.2700327,13.203776,13.14335535
DOGEUSDT,1620172800000,1620777600000,81.886808,0.8207677023210401,0.1882778865462,-0.160096963999979,0.4723928517748611,signal,21.0,19.0,152.0,1.0,0.5384596355000001,0.53880927,0.49398686999999997,0.49328323500000004
IOTAUSDT,1618963200000,1621209600000,76.9405,2.74721104413,0.1760475961125,0.28380274999999566,2.854966198017496,signal,78.0,75.0,35.0,1.0,2.19720085,2.1941965499999996,1.99309605,1.9982004000000002
ETCUSDT,1620777600000,1621382400000,82.37236,0.15123581993360002,0.17741311262999998,-0.005766820000025652,-0.03194411269642561,signal,21.0,17.0,0.74,1.0,111.258343,111.24859649999999,88.548252,88.5307125
EGLDUSDT,1613001600000,1621468800000,53.02590000000001,13.498192445322003,0.09824451106500001,0.037516800000015366,13.437464734257018,signal,294.0,291.0,0.30000000000000004,1.0,176.6646235,176.43217199999998,96.44920049999999,96.34180500000001
RENUSDT,1614038400000,1621468800000,64.72512,10.0131319513056,0.10422511808399999,0.031706160000024644,9.940612993221624,signal,258.0,256.0,48.0,1.0,1.3477657800000002,1.3474734,0.46165070999999996,0.462018875
ENJUSDT,1615852800000,1621468800000,69.61500000000001,11.673544491811803,0.12078897099750001,-0.04994145000000068,11.502814070814303,signal,195.0,193.0,26.0,1.0,2.6761612500000003,2.6795891249999997,1.1921958,1.19370285
COTIUSDT,1617494400000,1621468800000,75.624,6.715218810560001,0.14998560405,-0.08301099999995848,6.482222206510042,signal,138.0,136.0,200.0,1.0,0.37793094000000005,0.377678745,0.24758373,0.24691648000000002
NEOUSDT,1618963200000,1621468800000,76.79431,2.3719323773688,0.139087797615,0.013330250000004762,2.2461748297538047,signal,87.0,86.0,0.71,1.0,108.1069195,108.192069,55.023498,55.1274225
BNBUSDT,1619222400000,1621468800000,73.67192,2.2984595728808,0.14465671348275003,-0.10148039299995623,2.0523224663980937,signal,78.0,62.0,0.14,1.0,525.964886,526.6951159500001,334.62722999999994,334.6326
UNIUSDT,1619395200000,1621468800000,68.7728,1.8213530238379998,0.13804065386999997,-0.2122574000000058,1.471054969967994,signal,72.0,71.0,2.0,1.0,34.3692068,34.375178999999996,23.206597499999997,23.106441
EOSUSDT,1620777600000,1621468800000,81.3288,0.08474071440800005,0.13579339704000004,-0.03699471999999959,-0.08804740263199959,signal,24.0,23.0,5.6000000000000005,1.0,14.515738500000001,14.5236582,5.6858414999999995,5.687155000000001
XRPUSDT,1621382400000,1621555200000,82.50024,-0.0740807077974,0.1725110045145,-0.16452300000002126,-0.41111471231192126,signal,6.0,5.0,51.900000000000006,1.0,1.5888052,1.59009465,1.18149045,1.1796099
BTCUSDT,1621468800000,1621641600000,73.37828,0.010943775840200003,0.1774108953015,-0.005333729999995485,-0.17180084946129548,signal,6.0,4.0,0.002,1.0,36670.79543,36689.565615,37228.615005,37244.718325
DOTUSDT,1621209600000,1622851200000,80.6854,0.3043477,0.15373451418,-0.017913199999954388,0.1326999858200456,signal,57.0,50.0,1.9000000000000001,1.0,42.444767000000006,42.447213,24.985486499999997,24.9785045
BTCUSDT,1622851200000,1623456000000,73.65606,0.07011935457380002,0.1779571264485,-0.08738956999998918,-0.19522734187468915,signal,21.0,17.0,0.002,1.0,36809.615985000004,36847.564575,37319.060205,37313.31401
1000SHIBUSDT,1623456000000,1623801600000,86.559759,0.10718914867056001,0.26013129943185,0.30489247800001584,0.15195032723872587,watchdog,9.0,9.0,13959.0,1000.0,0.0061978995,6.213104999999999e-06,0.0092989275,9.335975e-06
MATICUSDT,1622764800000,1623801600000,86.53818000000001,0.081004487382,0.19640554061625,-0.1290799170000029,-0.24448097023425291,signal,36.0,27.0,47.400000000000006,1.0,1.8247871500000001,1.82525217,1.62931425,1.627056065
BAKEUSDT,1621641600000,1624492800000,81.2218,0.7320638524320001,0.16391085876,0.004202000000044226,0.5723549936720443,signal,99.0,93.0,22.0,1.0,3.69005405,3.68894355,2.5199593499999997,2.5190398500000004
AKROUSDT,1625616000000,1626566400000,90.582,0.16577056602200002,0.21037407067875,-0.5210534749999913,-0.5656569796567413,signal,33.0,27.0,4870.0,1.0,0.018590699999999998,0.018667329,0.017378684999999998,0.017348321500000003
XRPUSDT,1621728000000,1626825600000,82.50016000000001,0.8880248113939999,0.1567344876735,-0.07595006999997972,0.6553402537205202,signal,177.0,152.0,91.10000000000001,1.0,0.9051472,0.9056525999999999,0.5284641,0.5281358
DENTUSDT,1627862400000,1628726400000,94.57316999999999,0.5918498243692499,0.284469343886475,-0.5066942447999838,-0.19931376431720882,watchdog,27.0,27.0,38919.0,1.0,0.002428785,0.0024295141499999996,0.0036694960000000004,0.0036572059500000003
DOGEUSDT,1627862400000,1629072000000,94.50756,1.5331896443414001,0.2818641452445,-0.9140314499999512,0.33729404909694893,watchdog,39.0,39.0,463.0,1.0,0.20401794,0.2043021,0.30417558,0.30248559
1000SHIBUSDT,1627344000000,1629158400000,90.572344,3.2732583795524,0.2696417220267,-0.6222716700000086,2.3813449875256913,watchdog,60.0,60.0,14372.0,1000.0,0.0062988490000000005,6.313154999999999e-06,0.009344996500000001,9.316005e-06
DODOUSDT,1627862400000,1629158400000,94.51310000000002,1.3441758515900002,0.28312884253500004,-1.0006182999999633,0.06042870905503683,watchdog,42.0,42.0,80.30000000000001,1.0,1.1764115000000002,1.1795895,1.7656445,1.7563615
SFPUSDT,1627862400000,1629158400000,94.1688,1.149703458453,0.27930724222500003,-0.8269865999999999,0.04340961622799999,watchdog,42.0,42.0,99.0,1.0,0.9507244000000001,0.9515755499999999,1.4045036000000002,1.39700135
RUNEUSDT,1627776000000,1629244800000,90.86,1.3675452994000001,0.2696899989,-0.5207299999999494,0.5771253005000507,watchdog,48.0,48.0,14.0,1.0,6.4867550000000005,6.489242999999999,9.586358,9.551651000000001
FILUSDT,1627862400000,1629763200000,91.51950000000001,1.6278433516580002,0.27577802424000003,-0.7343676999999476,0.6176976274180526,watchdog,63.0,63.0,1.7000000000000002,1.0,53.808082500000005,53.876925,81.56115849999999,81.19802
ALICEUSDT,1627516800000,1629936000000,89.82600000000001,2.8680263189820008,0.269146680165,-0.32042405999998724,2.2784555788170135,watchdog,81.0,81.0,6.6000000000000005,1.0,13.603195,13.6102017,20.401556499999998,20.3600141
GTCUSDT,1628726400000,1630195200000,94.67920000000002,1.4596237456160002,0.282428490585,-0.23093689999999395,0.9462583550310062,watchdog,48.0,47.0,10.600000000000001,1.0,8.927534000000001,8.914455,13.305929,13.2710635
MTLUSDT,1629158400000,1630454400000,92.50710000000001,1.033747406182,0.2954491985325,20.127455250000043,20.865753457649546,watchdog,42.0,42.0,31.0,1.0,2.9826079500000002,2.9780882999999996,4.5594289,5.204182
IOTAUSDT,1629936000000,1630627200000,95.2072,0.593051098816,0.27690230832,-0.3083167999999898,0.007831990496010244,watchdog,21.0,21.0,88.0,1.0,1.08135905,1.08224085,1.5419094000000002,1.5392876000000002
XLMUSDT,1627862400000,1630972800000,94.42447,4.789251800805501,0.28319499788475,-1.0717943949999826,3.4342624079207686,watchdog,105.0,105.0,343.0,1.0,0.275152355,0.275267565,0.414691105,0.41168155
1000SHIBUSDT,1629158400000,1631059200000,94.998176,2.554189611454,0.1902536866074,-0.16905662799997018,2.1948792968466297,signal,66.0,65.0,10504.0,1000.0,0.009039478,9.04452e-06,0.006058027499999999,6.046975e-06
ALICEUSDT,1630454400000,1631059200000,99.37400000000001,1.0574453322950002,0.2087229313125,-0.14644024999996294,0.7022821509825372,signal,21.0,20.0,5.5,1.0,18.058966,18.069029999999998,13.5697815,13.553220000000001
IOTXUSDT,1629072000000,1631145600000,95.01241999999999,2.2117455140949005,0.19974212702362498,0.06186010049998364,2.073863487571259,signal,72.0,68.0,1103.0,1.0,0.08609693,0.08603599649999999,0.06485241,0.06484756
DENTUSDT,1629158400000,1631145600000,95.0022,2.7713894626026008,0.2019956590215,-0.07870433399997154,2.4906894695811292,signal,69.0,68.0,14460.0,1.0,0.006566715000000001,0.0065620793999999994,0.005083540499999999,0.005073462
DODOUSDT,1629244800000,1631145600000,94.8537,2.3821270655850006,0.20573618247000003,0.03375540000002719,2.210146283115028,signal,66.0,65.0,51.300000000000004,1.0,1.8480755,1.8479234999999998,1.4937465,1.4942525000000002
C98USDT,1630195200000,1631145600000,94.4642,1.4886951740199998,0.198229572885,-0.07779549999994848,1.2126701011350514,signal,33.0,32.0,19.0,1.0,4.9693141,4.970484,3.7260621,3.7231375000000004
BTTUSDT,1630627200000,1631145600000,100.610624,0.96154753545896,0.2256807876534,0.004088908000025759,0.7399556558055858,signal,18.0,17.0,21352.0,1.0,0.004709644000000001,0.0047073524999999995,0.0041010495,0.0040989495
SUSHIUSDT,1621468800000,1631232000000,78.816,3.6629427451200005,0.17386125794999996,-0.2708850000000155,3.218196487169985,signal,339.0,338.0,6.0,1.0,13.129432,13.151572499999999,11.018506499999999,10.9954995
AVAXUSDT,1629763200000,1631232000000,92.888,2.15979988924,0.20924059485,-0.16438299999993136,1.7861762943900685,signal,51.0,50.0,2.0,1.0,46.420778000000006,46.43020349999999,40.80239099999999,40.729625000000006
AUDIOUSDT,1630972800000,1631232000000,101.0312,-0.10844252201280001,0.23169418440600004,-0.046437879999980336,-0.3865745864187804,signal,9.0,8.0,37.6,1.0,2.6856565,2.6863425,2.44932405,2.4487750000000004
BATUSDT,1631059200000,1632096000000,100.3491,0.20252913337800002,0.2349039912525,-0.33765104999998535,-0.3700259078744853,signal,36.0,34.0,129.0,1.0,0.7775110500000001,0.77888925,0.73986975,0.7386305000000001
CRVUSDT,1632096000000,1632528000000,100.92800000000001,-0.001075738763999995,0.21790297515,-0.21475420000001255,-0.4337329139140126,signal,15.0,9.0,33.2,1.0,3.0384800000000003,3.045522,2.4262124999999997,2.426786
ZRXUSDT,1631145600000,1632700800000,100.69,0.3660818,0.22804221225,-0.20002499999999934,-0.06198541224999932,signal,54.0,48.0,100.0,1.0,1.00639655,1.00780365,0.8934464999999999,0.89285335
FTMUSDT,1631145600000,1633737600000,99.96288,0.8901609787008,0.303219964896,-0.46225855999996834,0.12468245380483167,watchdog,87.0,86.0,64.0,1.0,1.56113904,1.5623808,2.38999963,2.3840186
IOTAUSDT,1632787200000,1633910400000,100.7302,0.652892482243,0.2715767090775,0.01417325000003411,0.39548902316553414,signal,39.0,33.0,89.0,1.0,1.1312341,1.1395695,1.4011002,1.4095948500000002
ZECUSDT,1631145600000,1636588800000,100.873,4.083849457678,0.29714501620875,-0.7572440749999693,3.029460366469281,watchdog,186.0,186.0,0.745,1.0,135.3323,135.56775,197.385635,196.60465000000002
ALGOUSDT,1631145600000,1637280000000,99.7204,5.5322292795640005,0.23499029853,-0.05543979999998125,5.241799181034019,signal,213.0,212.0,52.0,1.0,1.91674115,1.9161576,1.8505247999999999,1.8488751
XLMUSDT,1631059200000,1638662400000,100.67399999999999,5.844296570550002,0.224935988625,-0.29242650000002524,5.326934081924977,signal,264.0,261.0,300.0,1.0,0.33541221,0.336168,0.289074465,0.2888555
1000XECUSDT,1633737600000,1638662400000,105.10533,5.9194024816685,0.1953649933125,0.09260867000000916,5.816646158356009,signal,171.0,168.0,473.0,1000.0,0.222098895,0.000221940915,0.12217105499999999,0.00012220886500000002
ONEUSDT,1633910400000,1638662400000,105.01050000000001,5.358060974700299,0.22525393101750002,-0.10549548000000708,5.027311563682792,signal,165.0,163.0,411.0,1.0,0.25537225,0.255657765,0.201150525,0.20117936
1000SHIBUSDT,1636588800000,1638748800000,110.764224,1.91197464292436,0.2287246177041,-0.14430800200000518,1.5389420232202549,signal,75.0,74.0,2204.0,1000.0,0.050230872,5.028513e-05,0.0362231025,3.6211885e-05
DGBUSDT,1637280000000,1638748800000,110.952,0.7477119544299999,0.237066888,-0.059569999999966344,0.4510750664300336,signal,51.0,47.0,2300.0,1.0,0.04821588,0.04820409,0.037708845,0.037671155000000005
ZILUSDT,1631232000000,1638835200000,100.77144,5.389062088153101,0.19774010506425,-0.08099234499998986,5.110329638088861,signal,264.0,256.0,931.0,1.0,0.10818588000000001,0.10823408999999999,0.068804385,0.06876560000000001
GALAUSDT,1638662400000,1639353600000,115.0716,0.090049928038,0.284307393159,-0.16687235999992522,-0.36112982512092523,signal,24.0,19.0,206.0,1.0,0.5583207,0.5589293249999999,0.5915356199999999,0.591334185
YFIUSDT,1632960000000,1639785600000,85.779,3.563327572170002,0.2239143912675,-0.23357114999995943,3.1058420309025427,signal,237.0,235.0,0.003,1.0,28578.703500000003,28623.18444,33612.797999999995,33579.421890000005
KLAYUSDT,1640476800000,1640736000000,115.33524,-0.041626682186400005,0.26720536336199996,0.06705239999999901,-0.24177964554840095,signal,9.0,7.0,85.2,1.0,1.35302315,1.354677,1.25792865,1.2603695
DGBUSDT,1640304000000,1641340800000,115.3735,0.17917169531250002,0.2589301006875,-0.09477324999998205,-0.17453165537498203,signal,36.0,27.0,3025.0,1.0,0.038120930000000004,0.03813906,0.033206595,0.03319339500000001
ETHUSDT,1631232000000,1641945600000,99.36647,6.105318217298398,0.23191328421450003,-0.0668154199999828,5.806589513083916,signal,372.0,357.0,0.029,1.0,3424.716785,3426.65247,3238.47843,3238.1101350000004
CTKUSDT,1638748800000,1642896000000,115.125,1.5619660545000003,0.24214924124999998,-0.20182499999997544,1.1179918132500248,signal,144.0,141.0,75.0,1.0,1.5342325,1.5337664999999998,1.1585789999999998,1.155422
SOLUSDT,1631232000000,1642982400000,99.68823,5.972146406896906,0.18296851291575,-0.003545965000000373,5.7856319289811555,signal,408.0,400.0,0.53,1.0,187.99695450000002,187.98394499999998,99.70983,99.69013
ALICEUSDT,1638662400000,1642982400000,114.2338,1.2068294974279998,0.19780703607,-0.0020423999999965026,1.0069800613580033,signal,150.0,141.0,7.4,1.0,15.4292815,15.42771,6.848422499999999,6.846575
TRBUSDT,1638748800000,1643068800000,113.801,1.3875722601900002,0.206984461875,-0.26546849999997846,0.9151192983150218,signal,150.0,146.0,3.1,1.0,36.691645,36.75837,18.919455,18.900545
SFPUSDT,1638662400000,1643155200000,113.6104,1.2510651908400001,0.19065690582000003,-0.017263399999982304,1.0431448850200178,signal,156.0,149.0,59.0,1.0,1.9246372,1.9259625,0.7667831999999999,0.7678159
PEOPLEUSDT,1640822400000,1643328000000,115.4295,0.6238019190788999,0.20467928379150002,-0.19090106999994483,0.22822156528745507,signal,87.0,78.0,1017.0,1.0,0.11344325000000001,0.11355675,0.054247109999999994,0.0541729
1000XECUSDT,1642204800000,1643500800000,119.58867000000001,0.3653039757312,0.257243267097,-0.16503704999997687,-0.056976341365776895,signal,45.0,44.0,1233.0,1000.0,0.09694150500000001,9.704849999999999e-05,0.076868415,7.684156e-05
BCHUSDT,1631145600000,1643760000000,100.73192,4.579650770687201,0.17338430931599996,-0.1414359999999339,4.264830461371267,signal,438.0,432.0,0.152,1.0,662.3786450000001,663.1313999999999,287.833845,287.65610000000004
KEEPUSDT,1644710400000,1644969600000,123.0804,0.07152568000000001,0.288522406365,3.7710467000000376,3.554049973635038,unavailable,6.0,6.0,191.0,1.0,0.6440778,0.644322,0.6021008999999999,0.6220888
DGBUSDT,1646956800000,1647216000000,127.7355,-0.0850591247385,0.294593924265,-0.3725936499999718,-0.7522466990034717,signal,9.0,6.0,6355.0,1.0,0.020089950000000002,0.020120054999999998,0.018539265,0.018510739999999998
DGBUSDT,1647648000000,1648425600000,127.69596,0.2562316565984,0.413619890691,7.0651585900000144,6.907770355907415,watchdog,24.0,16.0,6223.0,1.0,0.020509740000000002,0.020540265,0.03413112,0.035296975
1000BTTCUSDT,1647907200000,1649462400000,127.691625018,1.0597409961100432,0.31714971271015524,-0.19423564145846872,0.5483556419414193,signal,54.0,48.0,70083.219,1000.0,0.0018210890000000001,1.8209099999999999e-06,0.0019519754999999998,1.949025e-06
REEFUSDT,1648684800000,1649462400000,128.0916,0.27539260192080006,0.280433726937,0.19218654000000351,0.18714541498380355,signal,27.0,23.0,10920.0,1.0,0.011724135000000002,0.011715854999999999,0.0096758355,0.009685155
OGNUSDT,1648684800000,1649548800000,127.6071,0.21169485534800003,0.291177493545,-0.08986549999995197,-0.16934813819695194,signal,30.0,28.0,191.0,1.0,0.66776595,0.66763365,0.6031014,0.6024986
DGBUSDT,1648684800000,1649894400000,128.0594,0.31189943398800013,0.27118108816200004,-0.07510052000000189,-0.0343821741740018,signal,42.0,36.0,3772.0,1.0,0.033933025000000006,0.033946965,0.02597298,0.025967010000000002
LINAUSDT,1650153600000,1650412800000,132.23159,-0.03207178271219999,0.37578801482475,-0.2519498249999538,-0.6598096225369038,signal,9.0,6.0,6119.0,1.0,0.021599195,0.02163081,0.029564774999999998,0.029555215
DGBUSDT,1650585600000,1650758400000,132.22650000000002,-0.1163381767128,0.31269745492650003,-0.47644715999994247,-0.9054827916392425,signal,6.0,3.0,5397.0,1.0,0.024487750000000003,0.024542264999999997,0.023781885,0.02374812
JASMYUSDT,1650672000000,1651363200000,132.22476,0.06699370840739999,0.2807245532115,0.15794757000004822,-0.05578327480405182,signal,24.0,16.0,5598.0,1.0,0.02360819,0.0236118,0.018159074999999997,0.018190900000000003
1000SHIBUSDT,1648512000000,1651449600000,128.045827,0.9648668896757799,0.27819033880365,-0.02926596399999365,0.6574105868721363,signal,102.0,95.0,4823.0,1000.0,0.026535725500000003,2.653326e-05,0.0215377635,2.1529230000000003e-05
GALAUSDT,1648684800000,1651449600000,128.0562,0.8365433211490002,0.234047949435,-0.044640600000031505,0.5578547717139687,signal,96.0,89.0,470.0,1.0,0.27232377,0.272366115,0.142661295,0.14260866
ANCUSDT,1648425600000,1651881600000,128.05205,0.9252132468439002,0.28555355812425,0.01971022499996955,0.6593699137196197,signal,120.0,111.0,51.53,1.0,2.4837575,2.485242,2.1320654999999995,2.1339325
ENSUSDT,1651449600000,1652140800000,135.89520000000002,0.08744309940800005,0.25271737722000004,-0.36176280000000255,-0.5270370778120026,signal,24.0,21.0,5.6000000000000005,1.0,24.254866500000002,24.31215,13.320656999999999,13.31334
VETUSDT,1648684800000,1652313600000,128.02029000000002,0.8743606101276001,0.20830981681575,0.02154685500001907,0.6875976483118692,signal,126.0,114.0,1501.0,1.0,0.08524735500000001,0.08526261,0.03037518,0.03040479
SXPUSDT,1648684800000,1652745600000,128.05102000000002,1.1213310303722,0.19608736954350003,-0.062259450000004546,0.8629842108286954,signal,141.0,133.0,77.80000000000001,1.0,1.64507705,1.6458225,0.4548273,0.4547725
WOOUSDT,1649635200000,1653004800000,131.88556000000003,0.8637693644748001,0.2205371385825,0.14371879000000795,0.7869510158923081,signal,117.0,102.0,262.0,1.0,0.50312831,0.5028513,0.19832911499999997,0.19860065
API3USDT,1648684800000,1653523200000,127.80300000000001,1.109777569042,0.1985996583,-0.02989979999995021,0.8812781107420498,signal,168.0,149.0,22.6,1.0,5.652172500000001,5.652825,1.6708349999999998,1.6701645
UNFIUSDT,1654646400000,1654905600000,139.0016,-0.03752151329799999,0.23757673989000003,-0.8638833999999799,-1.13898165318798,signal,9.0,8.0,7.4,1.0,18.774608,18.885438,7.913955,7.908044
DGBUSDT,1657411200000,1657756800000,144.15135,-0.028865767770000002,0.32286320285625003,-0.13568362500000297,-0.487412595626253,signal,12.0,7.0,13335.0,1.0,0.010804595,0.010815405,0.00936468,0.009365315
FLOWUSDT,1657756800000,1658016000000,144.0376,-0.13262937654400003,0.35692729338,-0.2020619999999092,-0.6916186699239093,signal,9.0,7.0,95.2,1.0,1.5122435,1.52076,1.602801,1.6091950000000002
FLMUSDT,1658534400000,1658793600000,144.1032,0.009057595577999986,0.282624090255,0.05549370000004383,-0.2180727946769562,signal,9.0,6.0,582.0,1.0,0.2474762,0.24752369999999999,0.15707849999999998,0.15722135
KLAYUSDT,1658275200000,1658880000000,144.07776,0.12366427138560004,0.33410789992800005,0.3235320000000286,0.11308837145762857,signal,21.0,15.0,547.2,1.0,0.26316835,0.2631315,0.24532259999999997,0.245877
1000XECUSDT,1659312000000,1659657600000,148.0878,-0.014880413923200025,0.35201834547074995,-0.25947484499994644,-0.6263736043938964,signal,12.0,11.0,3381.0,1000.0,0.0437781,4.3891934999999995e-05,0.042891435,4.2928525e-05
TRBUSDT,1659398400000,1660089600000,145.35000000000002,0.33994412916000005,0.4181332065750001,-1.1116725000000753,-1.1898615774150754,watchdog,21.0,21.0,5.1000000000000005,1.0,28.485750000000003,28.544265,39.89976000000001,39.7403
DGBUSDT,1659312000000,1660089600000,148.1008,0.08524952398400004,0.36542469006,0.05792360000001362,-0.22225156607598634,signal,27.0,23.0,12080.0,1.0,0.01225387,0.01226613,0.012936465,0.01295352
JASMYUSDT,1659312000000,1660867200000,148.0934,0.5356981228235002,0.35301118041735,-0.42355431300001534,-0.2408673705938652,signal,54.0,48.0,14378.0,1.0,0.010294850000000001,0.0103161555,0.010157076,0.010148923
DGBUSDT,1660521600000,1660867200000,148.09047,0.014885436722199996,0.33048216946799996,-0.05248353000000222,-0.3680802627458022,signal,12.0,8.0,11143.0,1.0,0.013283355,0.013306649999999998,0.0114057,0.011424285
KLAYUSDT,1659225600000,1660953600000,144.07767,0.5886559506135003,0.30146751810450007,0.29916413999999997,0.5863525725090002,signal,60.0,53.0,458.70000000000005,1.0,0.31394295,0.3131565,0.23431709999999997,0.23418285000000003
FLMUSDT,1659398400000,1660953600000,147.8016,0.40837013164800007,0.27257623632,0.06085439999999048,0.19664829532799055,signal,54.0,46.0,576.0,1.0,0.2564717,0.25642814999999997,0.1378689,0.13793100000000003
OGNUSDT,1659830400000,1660953600000,147.98160000000001,0.4403444739719999,0.325404069705,-0.13856699999988265,-0.023626595732882782,signal,39.0,37.0,663.0,1.0,0.22308840000000002,0.22321154999999998,0.18589289999999997,0.18580705000000003
AUDIOUSDT,1659830400000,1660953600000,147.987,0.44577240786,0.32378921977499997,-0.18885150000004958,-0.06686831191504955,signal,39.0,36.0,405.0,1.0,0.3652173,0.36518249999999997,0.3013506,0.3008495
1000SHIBUSDT,1659398400000,1661040000000,148.032577,0.54755145866344,0.36909840038032493,-0.07204516549989981,0.10640789278321527,signal,57.0,50.0,12397.0,1000.0,0.011935029500000001,1.1935964999999998e-05,0.012878435999999998,1.287356e-05
LINAUSDT,1660003200000,1661040000000,148.05504000000002,0.25300490564160005,0.309267957978,-0.1215874799999821,-0.17785053233638204,signal,36.0,28.0,13608.0,1.0,0.010874560000000002,0.010895445,0.00804402,0.008055969999999999
LITUSDT,1659657600000,1661126400000,148.02480000000003,0.611023714056,0.3181824261,-0.4163291999999589,-0.12348791204395893,signal,51.0,47.0,151.20000000000002,1.0,0.9785105000000001,0.98049,0.7743869999999999,0.7736130000000001
INJUSDT,1660953600000,1661126400000,148.05060000000003,-0.551077661862,0.37328727399000006,-0.31107460000004217,-1.2354395358520422,signal,6.0,2.0,88.60000000000001,1.0,1.6701645,1.6718355,1.84092,1.8390800000000003
TRBUSDT,1660089600000,1661990400000,145.854,0.79351375749,0.25933502482500004,-0.031098500000004914,0.503080232664995,signal,66.0,61.0,3.7,1.0,39.400290000000005,39.4197,18.98949,19.000495000000004
DGBUSDT,1662336000000,1663372800000,151.94528,0.2565666100708,0.3492565199475,-0.7162830899999502,-0.8089729998766502,signal,36.0,27.0,14174.0,1.0,0.010714640000000001,0.010735365,0.00982491,0.009795100000000001
BLZUSDT,1661472000000,1664150400000,147.89786,0.6538989461143,0.2945140112625,-0.12251900999995491,0.2368659248518451,signal,93.0,77.0,1229.0,1.0,0.12027983,0.12036015,0.07937966999999999,0.07936030000000001
DGBUSDT,1663891200000,1664150400000,151.92016,-0.055453135606600014,0.35941480901549994,-0.45903186999999435,-0.8738998146220943,signal,9.0,5.0,15958.0,1.0,0.009515240000000001,0.00954477,0.009234615,0.00923538
JASMYUSDT,1664150400000,1664323200000,151.866792,-0.19802844108152,0.3632367322038,-0.68062156399998,-1.2418867372853,signal,6.0,4.0,22232.0,1.0,0.006827584500000001,0.0068464215,0.006783389999999999,0.0067716125
HNTUSDT,1664409600000,1665014400000,151.76852000000002,0.14149091518399998,0.380041457172,0.14856971999999924,-0.08998082198800078,signal,21.0,17.0,29.080000000000002,1.0,5.2163905,5.212605,5.6758365,5.67716
DGBUSDT,1664582400000,1665532800000,155.78484,0.12372628531479996,0.3626942959185,-0.6308628699999461,-0.8698308806036461,signal,33.0,20.0,16433.0,1.0,0.009475260000000001,0.00950475,0.00890445,0.00889555
AUDIOUSDT,1665014400000,1665792000000,155.74482,0.24620573988230005,0.344910820584,-0.5783353399999148,-0.6770404207016147,signal,27.0,22.0,727.1,1.0,0.2140929,0.214107,0.1816908,0.1809095
NKNUSDT,1667952000000,1668211200000,142.85226,-0.0349205785896,0.3389125350165,-0.23197303000001057,-0.6058061436061105,signal,9.0,5.0,1682.0,1.0,0.08488753500000001,0.08494245,0.0830415,0.0829585
COTIUSDT,1668211200000,1669075200000,159.63930000000002,0.15117802447900003,0.3536556646754999,-0.4142051899999618,-0.6166828301964618,signal,30.0,26.0,1993.0,1.0,0.08005995,0.08034014999999999,0.06759377999999999,0.06766615
NKNUSDT,1668470400000,1669161600000,159.59578000000002,0.19071483003939996,0.38257737791699997,0.2111775600000506,0.019315012122450598,signal,24.0,17.0,2038.0,1.0,0.078270845,0.07843919999999999,0.077888925,0.0781609
LINAUSDT,1668988800000,1669507200000,159.67444,-0.004707560430400005,0.392277859458,-0.32689915999990216,-0.7238845798883021,signal,18.0,12.0,27964.0,1.0,0.005707145,0.005712854999999999,0.00598299,0.0059770100000000005
JASMYUSDT,1669680000000,1669939200000,159.625512,-0.20182554995328,0.417476747736675,-0.38835867150002557,-1.0076609691899805,signal,9.0,3.0,40473.0,1.0,0.003942028,0.003947973,0.004652325,0.0046486745
LINAUSDT,1669939200000,1670025600000,163.57978,-0.163421039236,0.40059859046025,-0.5968558049999881,-1.1608754346962382,signal,3.0,2.0,26299.0,1.0,0.00621689,0.00622311,0.0064832399999999995,0.006466765
LINAUSDT,1670716800000,1670976000000,163.53627,-0.07619115943800002,0.3859567803855,-0.3216299699998601,-0.7837779098233602,signal,9.0,7.0,25917.0,1.0,0.006306845,0.006313154999999999,0.00610305,0.006096950000000001
1000LUNCUSDT,1668384000000,1671408000000,159.6045,1.4475547346699997,0.35003316253124994,-0.45059052500004937,0.6469310471387004,signal,105.0,96.0,935.0,1000.0,0.17061465,0.0001710855,0.1410705,0.00014105943500000002
DENTUSDT,1671235200000,1671408000000,158.943904,-0.04985638377775999,0.38245551902880004,-0.31864951999998914,-0.7509614228065492,signal,6.0,3.0,253904.0,1.0,0.0006256870000000001,0.0006273135,0.0006283139999999999,0.0006286855
LINAUSDT,1672358400000,1672531200000,163.46048,-0.02593738977840002,0.393008593122,-0.5284328959999463,-0.9473788789003462,signal,6.0,3.0,33496.0,1.0,0.00487756,0.0048914445,0.004892445,0.0048905535
DENTUSDT,1673222400000,1673481600000,135.30289499999998,-0.030368673193949994,0.336360057067125,-0.4727902724999782,-0.8395190027610532,signal,9.0,6.0,192465.0,1.0,0.0007026485,0.0007033514999999999,0.000754377,0.0007526235000000001
LINAUSDT,1672876800000,1673568000000,167.41293000000002,0.3393786498114,0.427405776634125,-0.19554537149999557,-0.2835724983227206,signal,24.0,18.0,32133.0,1.0,0.005207395,0.0052056014999999995,0.00588294,0.005875061000000001
LINAUSDT,1673740800000,1674086400000,167.36509999999998,0.04293676965899999,0.38313399177374996,-0.2930716949999488,-0.6332689171146988,signal,12.0,9.0,26110.0,1.0,0.006406795,0.006427212,0.005802899999999999,0.0058120925
DGBUSDT,1673395200000,1674172800000,101.8199,0.36964752257300004,0.25036395846000004,-0.20866649999997777,-0.08938293588697777,signal,27.0,21.0,11690.0,1.0,0.008705645000000001,0.00870435,0.009154575,0.009135430000000002
1000XECUSDT,1673740800000,1674777600000,167.3441,-0.43223684651399985,0.48583364746125,0.7848574250000141,-0.13321306897523577,signal,36.0,33.0,5665.0,1000.0,0.029525230000000003,2.9504745e-05,0.04188093,4.199899e-05
ATAUSDT,1673740800000,1675382400000,167.316,1.2140659068599997,0.49492058565,-1.0489369999999596,-0.32979167878995996,watchdog,54.0,54.0,1460.0,1.0,0.1145427,0.11465729999999999,0.168252,0.16764815
1000SHIBUSDT,1673308800000,1675555200000,167.42852,3.14310055090296,0.5072392196880751,-1.3386855334999828,1.2971757977149023,watchdog,75.0,75.0,19289.0,1000.0,0.00867566,8.68434e-06,0.0132708765,1.3210155000000001e-05
FETUSDT,1674172800000,1675641600000,167.1308,1.9547541016280001,0.50187547371,-0.9207543999999228,0.5321242279180773,watchdog,48.0,48.0,614.0,1.0,0.2720639,0.27223605,0.4098138,0.40848635000000005
MTLUSDT,1673740800000,1675728000000,166.7134,1.2703322178810001,0.5237957617575,21.40046725000011,22.147003706123606,watchdog,66.0,63.0,193.0,1.0,0.8633681000000001,0.8634314999999999,1.32889035,1.439837
DGBUSDT,1675382400000,1676160000000,171.79252,0.9593290647388001,0.395331513582,-0.329441159999981,0.23455639115681903,signal,27.0,23.0,15892.0,1.0,0.010804595,0.010815405,0.00992496,0.00991504
ZENUSDT,1674086400000,1676246400000,166.7028,2.222637511602,0.459925242795,-0.6254468999999949,1.1372653688070051,signal,75.0,73.0,17.3,1.0,9.631181999999999,9.654825,12.516255,12.503745
FETUSDT,1675728000000,1676246400000,172.767,0.568574554716,0.3979626788025,-0.2917288499999843,-0.12111697408648425,signal,18.0,14.0,399.0,1.0,0.43278350000000004,0.43321649999999995,0.39829905,0.39800090000000005
RNDRUSDT,1675641600000,1676332800000,171.83406200000002,0.32021345204463,0.38237073534772503,-0.014541842499947277,-0.07669912580304233,signal,24.0,21.0,98.09,1.0,1.7509241000000002,1.7518754999999997,1.49644785,1.497251
FILUSDT,1673740800000,1676678400000,167.11520000000002,2.3537479536109998,0.499134916785,-0.7062143999999752,1.1483986368260246,watchdog,99.0,99.0,34.7,1.0,4.813592,4.807402499999999,7.1937745,7.167233
LDOUSDT,1673740800000,1676764800000,166.705,2.1019051917710003,0.49980113567999995,-0.8241463999999631,0.7779576560910373,watchdog,102.0,97.0,77.0,1.0,2.1639175,2.1640814999999995,3.2516702,3.241131
XEMUSDT,1673740800000,1677542400000,74.3489,1.6090098628749998,0.2440086319725,25.84970424999998,27.21470548090248,watchdog,129.0,129.0,2071.0,1.0,0.035882050000000006,0.0358179,0.054581750000000005,0.06699935000000001
JASMYUSDT,1677715200000,1677974400000,178.589664,-0.12489816741264001,0.39949651727010005,-0.24466372199993602,-0.7690584066826761,signal,9.0,5.0,29412.0,1.0,0.0060689640000000005,0.006075036,0.005247622499999999,0.005245376
DENTUSDT,1677974400000,1678147200000,178.63719,-0.03996089195489999,0.43305061504500003,-0.36083356499992675,-0.8338450719998267,signal,6.0,2.0,169485.0,1.0,0.001053473,0.0010555274999999999,0.001074537,0.0010744625000000002
HOOKUSDT,1674777600000,1678579200000,167.33,3.3071330026660006,0.30861848619375,0.060143595000083705,3.0586581114723344,signal,132.0,128.0,57.7,1.0,2.89855,2.8963474499999995,1.56078,1.5596198000000001
DGBUSDT,1676505600000,1678665600000,173.05344,1.3317575185152004,0.393606404352,-0.005483519999983422,0.932667594163217,signal,75.0,69.0,16128.0,1.0,0.010724635,0.010715355,0.00962481,0.009615190000000001
DGBUSDT,1678838400000,1679097600000,178.59584,-0.012002182863100008,0.4213057116525,-0.35108732999993536,-0.7843952245155354,signal,9.0,5.0,17441.0,1.0,0.010234880000000002,0.01024512,0.009894944999999999,0.009885055
FLOWUSDT,1673740800000,1679443200000,167.3154,3.809074076358002,0.40858040196,-0.34048440000005986,3.060009274397942,signal,198.0,183.0,162.60000000000002,1.0,1.0284855,1.0295144999999999,1.0655325,1.0644675
AGIXUSDT,1679097600000,1679875200000,178.592,0.22763826048000002,0.3856684692,-0.07499679999997844,-0.2330270087199784,signal,27.0,23.0,320.0,1.0,0.5578209500000001,0.5578587899999999,0.4466232,0.446426675
MAGICUSDT,1675555200000,1679961600000,171.79500000000002,2.2058143408534,0.34418909343525006,0.03913842499996467,1.9007636724181145,signal,153.0,142.0,88.10000000000001,1.0,1.949025,1.94847375,1.3070532,1.3069462
CELRUSDT,1679443200000,1680134400000,178.73541,0.30535674323770007,0.43655390575125,-0.13555433499996988,-0.26675149751351984,signal,24.0,21.0,7609.0,1.0,0.023478255000000003,0.02347173,0.02435217,0.02432783
STMXUSDT,1680652800000,1680912000000,141.26304,-0.030527884697599983,0.343436081472,-0.28623969599995946,-0.6602036621695595,signal,9.0,7.0,24272.0,1.0,0.00581709,0.005815906499999999,0.00598299,0.0059700135
STMXUSDT,1681257600000,1682121600000,142.692,0.6774251640046,0.32571426176025,0.2756214889999984,0.6273323912443484,signal,30.0,26.0,23782.0,1.0,0.005997000000000001,0.0060019995,0.0054027,0.005419289
DGBUSDT,1680307200000,1682208000000,182.83986000000002,2.0609211546378,0.43530575227650004,-0.1724706899999744,1.4531447123613255,signal,66.0,62.0,19026.0,1.0,0.009605195,0.009614805,0.009454724999999999,0.00945527
1000XECUSDT,1676764800000,1683676800000,172.9505,3.5690227954975007,0.36689065014375,-0.06701712499997303,3.1351150203537776,signal,240.0,235.0,4775.0,1000.0,0.03620189000000001,3.6188085e-05,0.027853919999999997,2.7826080000000003e-05
BLZUSDT,1676592000000,1685836800000,173.06112000000002,4.3504028503272005,0.34788740427224996,-0.27214252499991387,3.7303729210550367,signal,321.0,309.0,1779.0,1.0,0.09723136000000002,0.09724859999999999,0.06580288499999999,0.06566715
MINAUSDT,1676246400000,1686441600000,172.6536,4.425247545144001,0.29311080074999996,0.013751400000089009,4.14588814439409,signal,354.0,336.0,172.0,1.0,1.0032981,1.0035014999999998,0.41650814999999997,0.4167915
TRUUSDT,1681430400000,1686441600000,182.8905,2.6961319396350003,0.31582447362000005,0.035631900000043626,2.415939366015044,signal,174.0,165.0,2490.0,1.0,0.073413275,0.07343670000000001,0.032246115,0.03228385
1000PEPEUSDT,1685750400000,1686528000000,191.94021120000002,0.5176592080984319,0.39480885650352,-1.7809407967999924,-1.6580904452050804,signal,27.0,22.0,149696.0,1000.0,0.0012815589000000002,1.290645e-06,0.0009123559499999999,9.09545e-07
ASTRUSDT,1676678400000,1686873600000,172.94218,3.2756931757751993,0.28403015744849996,0.059032989999979024,3.0506960083266783,signal,354.0,333.0,1643.0,1.0,0.10520737000000001,0.10515255,0.03889943999999999,0.03888055
DENTUSDT,1678492800000,1686873600000,178.665189,5.498656317264601,0.3735832081185,-0.31131358799993714,4.813759521146164,signal,291.0,280.0,200073.0,1.0,0.0008925535000000001,0.0008934465,0.0006633314999999999,0.0006626685
BNBUSDT,1688428800000,1688688000000,194.8377,-0.084299852223,0.453818673825,0.016842800000037128,-0.5212757260479629,signal,9.0,0.0,0.79,1.0,246.506685,246.62324999999998,232.045965,232.18385000000004
AMBUSDT,1682121600000,1688860800000,183.36512,2.5272507988824007,0.334095343608,0.2806380800000753,2.473793535274476,signal,234.0,217.0,13976.0,1.0,0.01311344,0.01310655,0.006803399999999999,0.00681659
BNXUSDT,1688428800000,1689033600000,196.0562,0.13291504975800003,0.44029362063000005,-0.22563759999988636,-0.5330161708718864,signal,21.0,15.0,706.0,1.0,0.27756115000000003,0.278139,0.24162074999999997,0.241879
1000PEPEUSDT,1689379200000,1690416000000,196.1556713,0.38711474293918696,0.42824394584485503,-0.6197739231999151,-0.6609031261055831,signal,36.0,29.0,119629.0,1000.0,0.0016388801500000002,1.650825e-06,0.0013325659499999999,1.3393300000000002e-06
COTIUSDT,1684713600000,1690502400000,187.74580000000003,3.866912987809401,0.3829470409785,-0.5149299299999159,2.969036016830985,signal,201.0,190.0,2798.0,1.0,0.06706645000000001,0.06723359999999999,0.046893435,0.04687655
MKRUSDT,1678838400000,1690675200000,177.81300000000002,5.881069165050001,0.5369644449450001,-0.6146450999999608,4.7294596201050405,watchdog,408.0,399.0,0.20700000000000002,1.0,858.5705,858.429,1305.1548,1302.044
GALAUSDT,1689292800000,1690934400000,196.09938,0.6114862006254,0.4463198442135,-0.3719306700000028,-0.20676431358810277,signal,57.0,44.0,7479.0,1.0,0.02620689,0.02623311,0.023521755,0.023498245
TRUUSDT,1687564800000,1691193600000,191.97564,1.4379744815639999,0.407801659428,-0.6979426800000426,0.33223014213595725,signal,126.0,110.0,4476.0,1.0,0.042868555,0.04292145,0.033086535,0.032983500000000006
BNXUSDT,1689379200000,1691280000000,196.14920000000004,0.9123957802375001,0.4438862909910001,-0.6625158799999752,-0.19400639075347514,signal,66.0,61.0,731.9000000000001,1.0,0.26786600000000005,0.2691345,0.23651819999999998,0.2368815
C98USDT,1676160000000,1691366400000,173.09949999999998,6.802339628274997,0.320386408725,-0.26694450000005043,6.215008719549947,signal,528.0,501.0,685.0,1.0,0.25257365,0.25302645,0.1368684,0.1369315
COTIUSDT,1691280000000,1692316800000,192.54114,1.0984173327194,0.4308132494115,-0.4830908099999931,0.1845132733079069,signal,36.0,35.0,4138.0,1.0,0.04650673500000001,0.0466233,0.04018008,0.040179900000000005
ACHUSDT,1691971200000,1692316800000,200.29788,0.0939722148,0.43326804082500003,-0.2445172199999759,-0.583813046024976,signal,12.0,10.0,11652.0,1.0,0.017181405,0.017198595,0.013796895,0.0137931
LTCUSDT,1688428800000,1692403200000,196.05537,1.4698809027126,0.375443879517,-0.1301554799999639,0.9642815431956362,signal,138.0,124.0,1.827,1.0,107.25634500000001,107.323635,63.95196,63.948010000000004
LINAUSDT,1689379200000,1692662400000,196.15125,1.8557155028639998,0.41373140979937495,-0.35854383749994434,1.0834402555646805,signal,114.0,109.0,13765.0,1.0,0.014242875000000002,0.014255124,0.0108054,0.0107916015
STORJUSDT,1690502400000,1694390400000,196.1122,1.9099862970560002,0.48147961674750006,-0.06464164999993416,1.363865030308566,signal,135.0,127.0,673.0,1.0,0.2912543,0.29184585,0.30425204999999994,0.30474755000000003
1000PEPEUSDT,1694304000000,1694476800000,204.3409275,-0.09433220324535001,0.45306103934606257,1.4168235812500376,0.8694303386586251,signal,6.0,2.0,260075.0,1000.0,0.00078530715,7.8039e-07,0.0006691344,6.696650000000001e-07
1000PEPEUSDT,1695600000000,1696896000000,204.4137888,0.4478357720016961,0.4864187830008,2.921372147200116,2.882789136201012,signal,45.0,37.0,302432.0,1000.0,0.00067556205,6.70335e-07,0.0006652324499999999,6.696650000000001e-07
CKBUSDT,1689379200000,1697068800000,196.156515,4.2079489296399,0.4486423308752999,-0.6448433689999026,3.1144632297646977,signal,267.0,246.0,67757.0,1.0,0.0028935525000000004,0.0029014499999999994,0.0026203094999999997,0.00261869
ARKUSDT,1698278400000,1698624000000,208.0694,0.60435878457,0.608475656115,-1.1515264999999788,-1.1556433715449788,watchdog,9.0,9.0,458.0,1.0,0.45407285000000003,0.45402689999999996,0.65468055,0.65212035
LOOMUSDT,1698105600000,1698624000000,208.4432,0.9039395133439998,0.55379611896,0.021367440000054527,0.3715108343840543,signal,36.0,33.0,2012.0,1.0,0.1035482,0.10351173,0.1258629,0.12583705
ARKUSDT,1698624000000,1698710400000,207.8648,0.0,0.59316638238,-1.0677810000000159,-1.6609473823800158,watchdog,0.0,0.0,286.0,1.0,0.7264366,0.7264630499999999,1.00420405,1.000497
GASUSDT,1698624000000,1698883200000,88.02100000000002,0.46260564500400003,0.27202928676000004,-0.6823451999999741,-0.49176884175597413,watchdog,12.0,12.0,17.8,1.0,4.942527500000001,4.943470499999999,7.8157060000000005,7.778315
GASUSDT,1698883200000,1699056000000,140.94630000000004,-0.9911723925960003,0.37352691391500004,0.2269548000000009,-1.1377445065109995,signal,12.0,4.0,20.700000000000003,1.0,6.805595500000001,6.805400999999999,8.2251105,8.23588
ARKUSDT,1698710400000,1699142400000,208.1436,1.1233138943760002,0.6177905212725001,-1.4485597499999265,-0.9430363768964265,watchdog,12.0,12.0,213.0,1.0,0.9767114,0.9763879499999999,1.4449642000000003,1.43784
ACHUSDT,1697932800000,1699315200000,208.54848,2.0224736224304998,0.62616428580825,-1.3038159249998893,0.09249341162236036,watchdog,45.0,42.0,15517.0,1.0,0.01343328,0.01344672,0.0202303,0.020159715
UNFIUSDT,1698278400000,1699315200000,207.8307,0.9602841884789999,0.537478336395,2.000991300000069,2.4237971520840693,signal,72.0,63.0,23.1,1.0,8.992501500000001,8.999497499999999,10.3341645,10.4277835
GALAUSDT,1698192000000,1699488000000,208.52076,1.7826581181597998,0.6241449930555001,-1.2823472900000132,-0.12383416489571353,watchdog,42.0,41.0,13846.0,1.0,0.015052470000000002,0.015057524999999999,0.022563795,0.022476235
TRUUSDT,1698192000000,1700870400000,208.51695,3.4950985380971997,0.6240625501275001,-1.035553049999881,1.8354829379698185,watchdog,90.0,90.0,5409.0,1.0,0.038530725,0.038529255,0.057736475,0.057543555
ARKUSDT,1699142400000,1700956800000,211.17360000000002,2.2779953450759995,0.50262522057,0.4391970000000395,2.214567124506039,signal,63.0,59.0,132.0,1.0,1.5990001000000003,1.59889905,1.5721857,1.5754119000000002
BNBUSDT,1698105600000,1702512000000,208.21710000000002,4.601764573405999,0.5249088151125001,-0.02792334999997692,4.048932408293522,signal,153.0,129.0,0.91,1.0,228.69559500000003,228.71429999999998,251.98593,251.97395
BLZUSDT,1698105600000,1702857600000,208.46532,8.961060952664102,0.62810231051925,-1.1800736849999,7.152884957144952,watchdog,324.0,324.0,861.0,1.0,0.24199894000000002,0.24182084999999998,0.366999675,0.365451
LPTUSDT,1698278400000,1703116800000,208.13280000000003,8.722401085210002,0.62440807182,-0.880592399999983,7.217400613390019,watchdog,330.0,330.0,33.1,1.0,6.284856,6.2831399999999995,9.45416,9.42584
TRBUSDT,1702512000000,1703116800000,210.63510000000002,1.7663506559200002,0.524579371785,-0.8294673999999651,0.41230388413503505,watchdog,36.0,36.0,1.7000000000000002,1.0,123.84104850000001,123.851895,133.5970955,133.12002
CAKEUSDT,1699315200000,1703635200000,212.1849,7.234230192501,0.6463571744625,-1.0228191499999553,5.565053868038545,watchdog,294.0,294.0,89.0,1.0,2.3829079500000003,2.3841915,3.6747038,3.664495
POWRUSDT,1703116800000,1704326400000,219.2258,5.140696407067001,0.6638240552775001,-1.280633249999967,3.1962391017895335,watchdog,78.0,78.0,589.0,1.0,0.3720139,0.37208595,0.5684514,0.5663492000000001
POLYXUSDT,1699315200000,1704585600000,212.77890000000002,11.940922328715,0.5157747071775001,-0.13552514999987775,11.289622471537623,signal,366.0,361.0,981.0,1.0,0.21679155000000003,0.21680834999999998,0.22141065,0.22128930000000002
KEYUSDT,1700870400000,1707955200000,213.844848,12.02065240248912,0.6384116601936,-1.246872720000039,10.13536802229548,watchdog,243.0,243.0,39216.0,1.0,0.005450273500000001,0.0054587279999999995,0.008125169500000001,0.008101829
1000PEPEUSDT,1700956800000,1708992000000,213.74469960000002,17.482024326498898,0.6328654542846825,-1.78926021444994,15.059898657764275,watchdog,276.0,274.0,181201.0,1000.0,0.0011790102000000002,1.18059e-06,0.00173569965,1.7274050000000001e-06
1000BONKUSDT,1703116800000,1709424000000,219.39811200000003,13.313047145948998,0.648931777702425,-1.9151916884999498,10.748923679746623,watchdog,432.0,428.0,11601.0,1000.0,0.018902544000000004,1.890945e-05,0.027806647500000004,2.7648465000000002e-05
1000PEPEUSDT,1709424000000,1709596800000,238.150066,1.027193069668094,0.7167047595887026,-1.7454827764498817,-1.4349944663704903,watchdog,3.0,3.0,54397.0,1000.0,0.004375811,4.38219e-06,0.00661580885,6.590100000000001e-06
NFPUSDT,1704585600000,1709856000000,225.5949,14.633670000006,0.67423701490125,-1.5543752850000219,12.405057700104727,watchdog,360.0,359.0,367.0,1.0,0.6143926500000001,0.61458714,0.9189764,0.914935535
BNXUSDT,1698192000000,1709942400000,208.50466000000003,22.7307221507496,0.623645974029,-1.7524447199999602,20.35463145672064,watchdog,405.0,405.0,761.8000000000001,1.0,0.27356315000000003,0.27353669999999997,0.41011425,0.4077874
PIXELUSDT,1708992000000,1710028800000,232.2749,6.910365623612001,0.7041785113275,-1.0936293499999987,5.112557762284502,watchdog,66.0,66.0,407.0,1.0,0.57041465,0.56958465,0.8741092,0.87059215
UNFIUSDT,1704326400000,1710374400000,225.74970000000005,19.978864418007003,0.6766029990225002,-1.7122528499999907,17.590008568984512,watchdog,414.0,414.0,36.300000000000004,1.0,6.2158905,6.2241105,9.335983,9.297033500000001
WIFUSDT,1709856000000,1710374400000,239.26000000000002,5.4456920623,0.71994034035,-1.1401669999999982,3.585584721950002,watchdog,30.0,30.0,140.0,1.0,1.7081455,1.7074532999999998,2.58316895,2.5743327
STRAXUSDT,1710028800000,1710547200000,239.0472,4.864705640865,0.5496403938750001,3.9793923000000353,8.294457546990035,unavailable,36.0,36.0,153.0,1.0,1.5616188000000002,1.5597794999999999,1.4181086999999999,1.4422785000000002
WIFUSDT,1710374400000,1711670400000,240.63957000000002,7.193171983408201,0.7037865604417501,-1.9790429849999842,4.510342437966466,watchdog,84.0,84.0,90.9,1.0,2.64597635,2.6463224999999997,3.8192202500000003,3.7977947500000004
JTOUSDT,1702857600000,1711929600000,219.33180000000002,25.124468183064007,0.656476349895,-1.2842549999999746,23.183736833169032,watchdog,624.0,623.0,81.0,1.0,2.7064461000000004,2.7062524499999996,4.0575772500000005,4.0415286
ETHFIUSDT,1711929600000,1712620800000,246.52030000000002,0.566776692781,0.5849763855000001,0.2665390000000807,0.24833930728108056,signal,48.0,42.0,37.7,1.0,6.5357305,6.534265499999999,6.3921945,6.3977995000000005
DYMUSDT,1707955200000,1712966400000,230.37860000000003,14.410026455286001,0.4003555951200001,0.055572199999967764,14.065243060165969,signal,348.0,345.0,27.8,1.0,8.282856500000001,8.282139,3.717858,3.7191395000000003
STRKUSDT,1710374400000,1713052800000,240.49168000000003,4.657133936990001,0.44437272828450003,-0.30635908999990735,3.9064021187055937,signal,186.0,181.0,91.4,1.0,2.6298844000000003,2.6303145,1.42321125,1.4202895000000002
LOOMUSDT,1699056000000,1713139200000,212.7127,35.71607614595519,0.42954622159125,-0.5592076049999144,34.72732231936403,signal,978.0,973.0,1829.0,1.0,0.11624185000000001,0.11625809999999999,0.0796398,0.07935030500000001
1000BONKUSDT,1709596800000,1713744000000,238.67998,9.75531867513166,0.44428044044504994,-0.009688269000014238,9.301349965686596,signal,288.0,280.0,6326.0,1000.0,0.037711135,3.768883499999999e-05,0.0208434165,2.0819585e-05
POWRUSDT,1710547200000,1714262400000,241.44299999999998,-0.1897776297329994,0.50566724136,-0.3055962000000404,-1.0010410710930397,signal,258.0,248.0,579.0,1.0,0.4167915,0.4170084,0.31105545,0.31074455
WUSDT,1712966400000,1715817600000,247.87922000000003,1.8433307302602004,0.5784739157295,-0.7694849299999653,0.4953718845307351,signal,198.0,174.0,410.6,1.0,0.6033981500000001,0.6043019999999999,0.5706852,0.569715
OGNUSDT,1713052800000,1715817600000,247.7952,1.6396097811840007,0.5821387704,-0.31233599999993833,0.7451350107840624,signal,96.0,84.0,1728.0,1.0,0.14332830000000002,0.14337165,0.1374687,0.1373313
MDTUSDT,1715817600000,1715904000000,251.94125,0.6126908224084999,0.59077232853375,-20.690519574999907,-20.668601081125157,unavailable,3.0,3.0,4015.0,1.0,0.062718625,0.06254125499999999,0.063341655,0.058010980000000004
AUDIOUSDT,1715817600000,1715904000000,251.98139,0.8871240447780001,0.5988104560065,-14.351292370000014,-14.062978781228514,unavailable,3.0,3.0,1573.9,1.0,0.16001995,0.15957975,0.1632816,0.1537231
1000PEPEUSDT,1709942400000,1716336000000,239.5585379,12.013930653942174,0.7165483363121325,-1.2362734037500445,10.061108913879997,watchdog,219.0,200.0,26543.0,1000.0,0.00902078735,9.014505e-06,0.013512638600000001,1.345978e-05
TWTUSDT,1699488000000,1718841600000,212.7888,28.103179199328007,0.4289257692,-0.47265119999987987,27.201602230128128,signal,1344.0,1311.0,144.0,1.0,1.4769611500000002,1.47823875,1.0057026,1.0036979000000001
ORDIUSDT,1703635200000,1718928000000,218.16640000000004,31.428964193056007,0.41513471376,-0.04515199999989916,30.968677479296108,signal,1062.0,1032.0,3.2,1.0,68.14291150000001,68.142054,39.974977499999994,39.96001
BNXUSDT,1716336000000,1719705600000,250.15750000000003,3.1009991471106013,0.47581813679925,0.1357556850000372,2.7609366953113885,signal,117.0,114.0,212.9,1.0,1.1744125,1.17448695,0.6875436,0.6882557
1000PEPEUSDT,1716336000000,1720224000000,250.188768,3.869392929626158,0.49277222241588003,-0.002217434399966467,3.3744032728103117,signal,135.0,128.0,18072.0,1000.0,0.013837078000000001,1.3836914999999999e-05,0.0088858407,8.885555e-06
WUSDT,1716336000000,1720310400000,250.174,3.95432748189,0.4507382904749999,-0.418583499999885,3.085005691415115,signal,276.0,254.0,430.0,1.0,0.5815091,0.5822909999999999,0.29164575,0.29145420000000005
TNSRUSDT,1713139200000,1720483200000,247.779,5.2647709068149995,0.42398423928,-0.35331450000001324,4.487472167534986,signal,510.0,489.0,241.5,1.0,1.025487,1.0263129,0.43741859999999994,0.43678150000000004
REZUSDT,1716336000000,1720656000000,250.1246,3.637652513299701,0.45297694072649997,-0.030658569999958085,3.154017002573243,signal,300.0,277.0,1927.0,1.0,0.1297351,0.1296648,0.06625311,0.0661669
BONDUSDT,1721174400000,1721692800000,259.49600000000004,2.493438411536,0.6902466956400001,71.07372560000012,72.87691731589612,unavailable,36.0,36.0,159.20000000000002,1.0,1.6291849999999999,1.630815,1.702851,2.1509240000000003
AIUSDT,1722038400000,1722902400000,263.33956,0.4218878551448001,0.48973676366999996,-0.5533281600000447,-0.6211770685252446,signal,60.0,51.0,484.0,1.0,0.543817955,0.544272,0.299539695,0.2988505
WIFUSDT,1711670400000,1723161600000,242.44905,10.861199907866995,0.4385931826725,0.12467205000002379,10.547278775194519,signal,798.0,742.0,64.5,1.0,3.7570205500000005,3.75397605,1.9121556,1.911044
COMBOUSDT,1723161600000,1723248000000,241.66505,-0.298706610842,0.62362467663375,-0.9602707749999299,-1.8826020624756798,signal,3.0,1.0,629.5,1.0,0.38370805,0.38489234999999994,0.44132055,0.4409794
STEEMUSDT,1721952000000,1723420800000,234.15117,0.5143894007505001,0.5206859536724999,-0.31174571999987455,-0.31804227292187437,signal,102.0,93.0,1221.0,1.0,0.191674115,0.19199594999999997,0.16345168499999999,0.1635182
BOMEUSDT,1712620800000,1723852800000,247.617552,6.753971118571042,0.4310075236896,-0.29008699199997184,6.03287660288147,signal,780.0,703.0,17264.0,1.0,0.0143358285,0.014351172,0.0064602285,0.0064587690000000005
NKNUSDT,1716336000000,1723852800000,250.18751999999998,5.507552806694399,0.44446757572800005,0.07317024000005484,5.136255470966454,signal,261.0,251.0,2112.0,1.0,0.11840077,0.1184592,0.056878424999999996,0.05697150000000001
CHRUSDT,1720310400000,1724716800000,259.5019,2.443174328886,0.5761086059175,-0.38477374999991976,1.4822919729685804,signal,153.0,145.0,953.0,1.0,0.27216385,0.27243615,0.2315157,0.23138425
REEFUSDT,1724112000000,1724716800000,267.31134,2.6277872004219596,0.5996154907557001,4.608822078000121,6.6369937876663805,unavailable,21.0,19.0,340524.0,1.0,0.0007846075,0.0007853924999999999,0.0006733364999999999,0.000687656
LOOMUSDT,1724630400000,1724716800000,190.04636,0.0629844426652,0.45111879613499994,5.50178958000003,5.11365522653023,unavailable,6.0,4.0,3892.0,1.0,0.048805585,0.048924449999999994,0.046753365,0.048285845
VIDTUSDT,1724630400000,1724976000000,132.14376,-0.03017972120519999,0.3604027140945,0.09531627000000709,-0.29526616529969285,signal,24.0,16.0,3297.0,1.0,0.04005996,0.040060019999999995,0.051015495,0.051044465
RAREUSDT,1724630400000,1725148800000,267.464,0.128399076576,0.54546166764,-0.34738160000004614,-0.7644441910640462,signal,36.0,26.0,1072.0,1.0,0.24937525000000002,0.24942464999999997,0.17478734999999998,0.17451270000000002
ARKUSDT,1724630400000,1725235200000,254.0083,-0.03139107608699998,0.5516479997175,-0.5317735499999569,-1.1148126258044568,signal,21.0,17.0,721.0,1.0,0.35212385,0.35267624999999997,0.28524255,0.2850574
NULSUSDT,1724889600000,1725235200000,209.44170000000003,-0.3009764519190001,0.5071085296875,-0.5746591499999025,-1.3827441316064026,signal,24.0,13.0,507.0,1.0,0.41289345000000005,0.41370674999999996,0.42031004999999994,0.4199899
MATICUSDT,1725408000000,1725494400000,271.79420000000005,1.5152130745554002,0.6395857938915,-2.5819766099999257,-1.7063493293360255,unavailable,3.0,3.0,682.9000000000001,1.0,0.397801,0.3979989,0.3847923,0.38120930000000003
REZUSDT,1723766400000,1725753600000,267.28416,1.1936876309904,0.568254973806,-0.5348444399998077,0.09058821718459242,signal,138.0,119.0,6136.0,1.0,0.04353822,0.043621799999999995,0.033586785,0.0335832
VOXELUSDT,1724544000000,1725753600000,183.6306,0.32204064229800006,0.3828873122325,-0.05899934999999129,-0.11984601993449123,signal,84.0,75.0,867.0,1.0,0.2116941,0.21160574999999998,0.1564782,0.1563218
SYSUSDT,1724630400000,1725753600000,231.01200000000003,0.532872073368,0.48178092870000006,-0.5670971999999255,-0.5160060553319256,signal,78.0,72.0,1656.0,1.0,0.13943025000000003,0.13956975,0.10305149999999999,0.10284855000000001
FLMUSDT,1722729600000,1725926400000,267.432,1.957500782985,0.6521684883000001,-1.5564745000000846,-0.2511422053150847,signal,222.0,195.0,5065.0,1.0,0.052773600000000004,0.05292645,0.05452725,0.0543728
DOGSUSDT,1725235200000,1726531200000,271.7906312,0.757285005145668,0.6054513172152299,-0.602915490199902,-0.4510818022694639,signal,90.0,80.0,246098.0,1.0,0.0011038478,0.0011061527999999998,0.00094497225,0.0009448273500000001
NEIROUSDT,1727049600000,1727136000000,271.50936859999996,0.0,0.82226535706818,-0.9440259995400552,-1.7662913566082352,watchdog,0.0,0.0,327238.0,1.0,0.00082928515,0.000829024305,0.0012667973500000002,0.001263651675
FIDAUSDT,1726963200000,1727222400000,271.327,-2.33365750816,0.69711926175,0.24908299999992412,-2.781693769910076,signal,18.0,14.0,830.0,1.0,0.32673655,0.32666325,0.37308645,0.37331325000000004
VIDTUSDT,1726617600000,1727395200000,271.57608,-0.34293350387699983,0.684101566485,-0.4451524199999687,-1.4721874903619685,signal,54.0,48.0,6246.0,1.0,0.04345826,0.04350174,0.04780389,0.0477761
ATAUSDT,1726617600000,1727740800000,271.5552,0.5483966022710001,0.6591334671075,-0.863539249999798,-0.974276114836298,signal,39.0,31.0,3143.0,1.0,0.08635680000000001,0.08654324999999999,0.08834415,0.08825585000000001
NEIROUSDT,1727136000000,1728432000000,271.4837741,0.994316522114657,0.8123679557207288,-1.2966787601949954,-1.1147301938010672,watchdog,84.0,78.0,215173.0,1.0,0.00126106915,0.00126247092,0.0018871264500000002,0.001882502005
FIOUSDT,1727049600000,1729728000000,271.50077,2.251478981274501,0.605185365306,-0.19107639999998516,1.4552172159685157,signal,186.0,146.0,7831.0,1.0,0.034652665,0.034667325,0.029744865,0.029735125
VIDTUSDT,1728432000000,1729900800000,275.33683,1.0725253965994002,0.594638761149,-0.8365839699998641,-0.35869733454946395,signal,102.0,89.0,8527.0,1.0,0.032273855000000004,0.03233616,0.025822904999999997,0.0257871
NEIROUSDT,1729728000000,1731024000000,275.72508200000004,1.29907380695736,0.8369462970139125,-1.6009236215999294,-1.138796111656482,watchdog,84.0,83.0,186755.0,1.0,0.0014756618000000001,0.001477588425,0.0022618877500000002,0.0022552420550000004
POLYXUSDT,1729900800000,1731974400000,275.51058,2.9282563985094003,0.822192256953,-1.4067064199998947,0.6993577215565057,watchdog,138.0,136.0,1227.0,1.0,0.22442773,0.22461224999999999,0.33446094,0.33349900000000005
FLMUSDT,1727913600000,1732406400000,205.95680000000002,5.026811955312001,0.617017254,-1.9592831999999203,2.4505115013120813,watchdog,306.0,298.0,4144.0,1.0,0.04967515,0.04982489999999999,0.0745116,0.07418855
MBOXUSDT,1725062400000,1732752000000,267.75800000000004,7.496966157111001,0.80221517841,-2.438533400000148,4.256217578700853,watchdog,528.0,504.0,1613.0,1.0,0.165917,0.166083,0.24927335000000003,0.24792755
XAIUSDT,1727740800000,1732752000000,275.0886,6.201091952946001,0.814976976825,-1.8493406999999076,3.5367742761210934,watchdog,342.0,335.0,1206.0,1.0,0.22798595000000002,0.22831409999999996,0.3357028,0.33449750000000006
ACTUSDT,1732406400000,1732924800000,280.7967,1.0229259512039999,0.8639433360337501,-1.0761177749999922,-0.9171351598297424,watchdog,30.0,30.0,615.0,1.0,0.45635171,0.45642809999999995,0.7153013450000001,0.71362795
FIOUSDT,1731024000000,1733011200000,279.85077,6.887486632719299,0.8401998952755,-1.933157719999972,4.114129017443827,watchdog,132.0,102.0,9809.0,1.0,0.028515735,0.028574279999999997,0.042914275,0.04277574000000001
1MBABYDOGEUSDT,1732924800000,1733616000000,281.12584680000003,2.9279665884180957,0.860255147790675,0.008031681900214194,2.075743122527635,watchdog,42.0,42.0,113202.0,1.0,0.0024821583000000005,0.00248494185,0.0038470619500000003,0.0038499164500000005
TURBOUSDT,1728777600000,1733961600000,275.35008,9.085916045497216,0.8193570345052801,-1.0472503743999444,7.219308636591991,watchdog,354.0,348.0,29824.0,1.0,0.00922788375,0.009242618999999999,0.013669874100000002,0.013649495000000001
FIOUSDT,1733616000000,1733961600000,286.3395,0.4407297898349999,0.6354940555499999,-0.5294867499999307,-0.7242510157149308,signal,24.0,16.0,4925.0,1.0,0.05811093,0.05823910499999999,0.04932464999999999,0.049345315
ETHFIUSDT,1733961600000,1734739200000,286.64784000000003,0.5024658289560001,0.62533448199,-0.46625483999999995,-0.5891234930339998,signal,54.0,48.0,109.60000000000001,1.0,2.6140923000000003,2.6183085,2.13796845,2.1379305
POLYXUSDT,1733011200000,1734912000000,284.80256,3.9309447989728006,0.583211451168,-0.10326079999997018,3.2444725478048304,signal,132.0,125.0,736.0,1.0,0.38676652000000006,0.38699339999999993,0.27337661999999996,0.2734632
BLZUSDT,1734912000000,1734998400000,286.8334,0.23234302389199996,0.668768826555,-29.636701299999952,-30.07312710266295,unavailable,6.0,6.0,4220.0,1.0,0.067936015,0.068034,0.06839418,0.06146925
VIDTUSDT,1734998400000,1735171200000,285.46101999999996,-0.5193113166826,0.6837514870874999,-1.3443002300000784,-2.5473630337701785,signal,12.0,5.0,8606.0,1.0,0.033153415,0.033246615,0.03303651,0.032973505
FIOUSDT,1734739200000,1736467200000,286.92856,8.6837567241872,0.65971742151,-1.6429702799999673,6.381069022677233,signal,120.0,106.0,7288.0,1.0,0.039350315000000004,0.039459720000000004,0.036088035,0.035972005
CATIUSDT,1727395200000,1736812800000,270.9557,9.888829487462004,0.46181910459000003,-0.22443970000012475,9.20257068287188,signal,654.0,649.0,401.0,1.0,0.67536215,0.6757377,0.28424205,0.28405790000000003
EIGENUSDT,1728691200000,1736812800000,275.0724,10.124354962147702,0.5806187589240001,-0.37168421999996715,9.172051983223735,signal,564.0,552.0,70.10000000000001,1.0,3.922038,3.9249614999999998,2.9798892,2.9775105
COMBOUSDT,1736467200000,1738454400000,290.04519000000005,1.7000193346218002,0.6172646427202501,-1.1804224949999815,-0.09766780309843126,signal,69.0,66.0,740.1,1.0,0.39170405,0.3927963,0.3029514,0.3024487
TRBUSDT,1732752000000,1738540800000,275.3024,8.045210830582004,0.503714297295,-0.22595749999994097,7.315539033287063,signal,402.0,389.0,3.8000000000000003,1.0,72.411776,72.44620499999999,38.0460135,38.02098
TIAUSDT,1732752000000,1738627200000,274.448,6.503957864477997,0.4718430793349999,-0.04980829999991232,5.982306485143085,signal,408.0,380.0,34.0,1.0,8.067964,8.068031999999999,3.4976479499999997,3.4962510000000004
VIDTUSDT,1738454400000,1738627200000,294.89736,-0.37856466793199994,0.63099332343,-0.6451551600000063,-1.6547131513620061,signal,12.0,10.0,11944.0,1.0,0.024677655000000003,0.024742365,0.019299645,0.019310340000000002
SUPERUSDT,1733961600000,1738713600000,286.1037,2.7470939413350006,0.4636755658125,-0.3168574499999661,1.9665609255225345,signal,330.0,316.0,139.0,1.0,2.05727085,2.0595292499999998,0.7211603999999999,0.7211392500000001
LOKAUSDT,1727481600000,1738886400000,271.1476,12.135018758778003,0.47391762378,-0.17211299999977947,11.488988134998223,signal,792.0,774.0,1114.0,1.0,0.24327830000000003,0.24342164999999996,0.11115554999999999,0.1111444
SYSUSDT,1737158400000,1738886400000,247.78376,0.8132532761268001,0.45765608342400005,-0.213226879999935,0.14237031270286504,signal,120.0,109.0,2102.0,1.0,0.11782106,0.11785889999999999,0.0636318,0.0635682
PNUTUSDT,1731974400000,1739318400000,279.94050000000004,7.5943887538574995,0.36986370290625004,-0.15944862499990464,7.065076425951345,signal,510.0,497.0,175.0,1.0,1.5988601700000002,1.5997994999999998,0.16179085499999998,0.16181905
PENGUUSDT,1735862400000,1739750400000,289.91062800000003,2.3448678365553004,0.43794589631805003,-0.13927056299976037,1.76765137723749,signal,270.0,252.0,7782.0,1.0,0.037235373,0.0372476145,0.0096578265,0.0096521715
RIFUSDT,1739145600000,1739923200000,212.91588,0.24675115754160004,0.5041228385204999,-0.8378957699999479,-1.0952674509788478,signal,54.0,43.0,3798.0,1.0,0.05603197,0.05612804999999999,0.054597284999999995,0.05447275
VANRYUSDT,1739491200000,1739923200000,294.7868,-0.15456072301450002,0.65940318797925,-1.8498800649999803,-2.6638439759937302,signal,30.0,24.0,6193.0,1.0,0.047576200000000006,0.0478239,0.041030504999999995,0.0409795
VANRYUSDT,1740009600000,1740096000000,294.6321,-1.4865741890892,0.7489519314615,-2.8169021699998553,-5.052428290550555,signal,6.0,3.0,7074.0,1.0,0.041629175000000004,0.04192095,0.04648323,0.0463768
AMBUSDT,1740009600000,1740182400000,294.648216,14.369734559954582,0.9011815262473502,-23.715696099000063,-10.24714306529283,watchdog,6.0,6.0,188394.0,1.0,0.0015632180000000001,0.00156078,0.0025047515000000005,0.00237643
RIFUSDT,1740182400000,1740355200000,268.58734,-1.832541476382,0.6615564498465,-1.4085079099999693,-3.9026058362284695,signal,12.0,4.0,5042.0,1.0,0.053243365,0.053326649999999996,0.05616807,0.055972
SYSUSDT,1740268800000,1740355200000,175.4346,-0.1156185878232,0.41402029452300004,-0.37006794000003973,-0.8997068223462398,signal,6.0,4.0,2508.0,1.0,0.069915025,0.070035,0.06759377999999999,0.06756619999999999
VANRYUSDT,1740441600000,1740528000000,293.66676,-1.688675299692,0.726084238689,-0.6851023799998165,-3.0998619183808165,signal,6.0,0.0,8004.0,1.0,0.036671655000000004,0.036718350000000004,0.038919449999999994,0.03888055
FIOUSDT,1736812800000,1740700800000,289.98788,5.5958203771694,0.601162561314,-1.1717757799999884,3.822882035855412,signal,270.0,246.0,8386.0,1.0,0.03456271,0.034667325,0.025132559999999998,0.025097445000000003
RIFUSDT,1740700800000,1740787200000,283.07169,-1.083834132414,0.6769458647797499,-0.7368096449999124,-2.4975896421936623,signal,6.0,0.0,5757.0,1.0,0.049145415,0.0492246,0.0488244,0.04877560000000001
ATAUSDT,1740614400000,1741132800000,293.4836,-0.132717530686,0.6666843062775,-2.0133266499999425,-2.8127284869634424,signal,18.0,13.0,4859.0,1.0,0.06036980000000001,0.060530249999999994,0.054027,0.053773100000000004
DOGSUSDT,1726963200000,1741219200000,271.5997664,10.5233636008426,0.38015140231725,-0.17304136259993486,9.970170835925416,signal,990.0,941.0,287468.0,1.0,0.0009443276,0.0009448721999999999,0.00015737865,0.0001573213
VANRYUSDT,1740960000000,1741219200000,296.96652,-0.6804837936035998,0.6441811829099999,-0.5367751199998627,-1.8614400965134625,signal,18.0,10.0,7074.0,1.0,0.041959010000000005,0.042021,0.03389694,0.033883050000000005
TRUMPUSDT,1738540800000,1741478400000,294.78433,1.2668392135172997,0.55613094311175,-0.4774619450000479,0.23324632540550172,signal,204.0,168.0,14.030000000000001,1.0,21.000494500000002,21.020505,12.028011,12.01399
GMTUSDT,1741046400000,1741478400000,296.98724,-0.03246964805559999,0.7025135212920001,-0.8136754000000413,-1.5486585693476413,signal,15.0,10.0,5708.0,1.0,0.052003985,0.05212605,0.050495235,0.050474750000000006
RIFUSDT,1741305600000,1741478400000,296.74523999999997,-1.7411736077934,0.69419939012325,-1.7760278250000088,-4.211400822916659,signal,12.0,5.0,6303.0,1.0,0.04705646,0.0472236,0.044692335,0.044577700000000005
ALTUSDT,1741392000000,1741564800000,296.60352,-0.7911968681888001,0.6561093182640001,-0.6237851199999092,-2.0710913064527094,signal,12.0,5.0,7712.0,1.0,0.038440770000000006,0.038529255,0.03239619,0.03240379
VANRYUSDT,1741564800000,1741824000000,296.4104,-1.1013960855040001,0.7490812500599999,-1.6537092000000244,-3.5041865355640245,signal,18.0,11.0,11440.0,1.0,0.025897045,0.026012999999999998,0.0286143,0.028585700000000002
BNXUSDT,1739491200000,1742169600000,294.81300000000005,6.333942437290801,0.8927906635980003,-3.0273177599999803,2.4138340136928207,watchdog,180.0,173.0,329.40000000000003,1.0,0.8945525000000001,0.894447,1.36995185,1.3606559500000002
BNXUSDT,1742169600000,1742256000000,296.12805000000003,14.586293266745399,0.8502135915825001,-2.7819659999998714,10.954113675163027,unavailable,6.0,6.0,207.3,1.0,1.4277857500000002,1.4257125,2.001,1.98550675
RIFUSDT,1741910400000,1742342400000,279.8064,-1.0038030775308,0.7033802909760001,-1.4090446800000078,-3.116228048506808,signal,30.0,21.0,6858.0,1.0,0.040779600000000006,0.04092045,0.04464231,0.044577700000000005
TRUUSDT,1741996800000,1742515200000,296.31992,0.08620315909579997,0.7203046806405,-1.6436044099998908,-2.277705931544591,signal,18.0,14.0,8026.0,1.0,0.036901540000000004,0.037018499999999996,0.037868925,0.037781100000000005
LINAUSDT,1743033600000,1743120000000,296.545842,0.0,0.88871583228615,-1.1632115069999167,-2.051927339286067,watchdog,0.0,0.0,464078.0,1.0,0.0006386805,0.0006413205,0.0009554310000000001,0.0009555645
TRUUSDT,1743033600000,1743206400000,296.5402,-0.1467752656242,0.6959606872199999,-0.5799655999999316,-1.4227015528441316,signal,6.0,2.0,7286.0,1.0,0.040679650000000005,0.040720349999999995,0.038919449999999994,0.03888055
RIFUSDT,1742601600000,1743292800000,277.53893999999997,-0.23737507704539984,0.6442834208265,-1.1151359099999039,-1.9967944078718038,signal,48.0,37.0,6426.0,1.0,0.043168405,0.043321649999999996,0.04030014,0.040279850000000006
VOXELUSDT,1743033600000,1743292800000,190.84959999999998,0.00587577261199999,0.42930901243499997,-0.593924900000046,-1.017358139823046,signal,18.0,14.0,2362.0,1.0,0.0807596,0.08094045,0.0706353,0.0705647
SYSUSDT,1743033600000,1743724800000,274.27619999999996,0.6683139718064001,0.582171865401,-1.2301731800000026,-1.1440310735946024,signal,48.0,40.0,5732.0,1.0,0.047826075,0.048024,0.036698339999999996,0.03668165
TRUUSDT,1743638400000,1743897600000,300.16618,-0.750879917668,0.720285570183,-2.8842220199999473,-4.355387507850947,signal,9.0,4.0,9517.0,1.0,0.03152423,0.03171585,0.03149574,0.0313843
RIFUSDT,1743811200000,1744329600000,186.2762,1.5841453266979997,0.43860693058049993,-1.2144658899999623,-0.06892749388246244,signal,36.0,27.0,4994.0,1.0,0.037281350000000005,0.0374187,0.035887934999999996,0.0357821
ATAUSDT,1744416000000,1744502400000,203.497,-0.277002051698,0.50222079492,-1.2492223999998866,-2.0284452466178866,signal,3.0,1.0,4153.0,1.0,0.048975500000000005,0.0490245,0.05192595,0.05167415000000001
SYSUSDT,1744329600000,1744588800000,276.96862,-2.4446476690475003,0.7003293742927501,-2.7254960150000036,-5.870473058340254,signal,18.0,9.0,9313.0,1.0,0.029725130000000002,0.02991495,0.032886435,0.0327836
TRUUSDT,1744243200000,1744761600000,299.33056,0.20005482772479988,0.719735530752,-0.01595391999992002,-0.5356346230271202,signal,18.0,16.0,9728.0,1.0,0.030754615,0.0308154,0.030825405,0.030884550000000004
LOKAUSDT,1744934400000,1745193600000,98.71140000000001,0.013240938204000009,0.292975234605,1.1448842999999775,0.8651500035989774,watchdog,12.0,10.0,1866.0,1.0,0.052873550000000005,0.05292645,0.0775161,0.07818255
RIFUSDT,1744934400000,1745539200000,156.97063,1.1622521967960004,0.40931550627975,-1.7227620849999603,-0.9698253944837099,signal,42.0,31.0,4187.0,1.0,0.037471255,0.03771885,0.043941959999999995,0.0437781
DUSKUSDT,1745107200000,1745798400000,102.21736,0.12311617981120002,0.257833090908,-0.18810879999996022,-0.32282571109676017,signal,24.0,21.0,1336.0,1.0,0.076471745,0.07663829999999999,0.08423209499999999,0.08425785000000001
SYSUSDT,1745452800000,1745884800000,259.11936000000003,-1.1945903302728,0.644581035144,-1.97136287999993,-3.81053424541673,signal,30.0,19.0,5976.0,1.0,0.04333832000000001,0.04352175,0.046523249999999995,0.0463768
MEUSDT,1745884800000,1745971200000,299.6082,-1.1654389381860002,0.7212103375275001,-0.2957944499999119,-2.182443725713412,signal,6.0,0.0,305.1,1.0,0.9815090000000001,0.9834915,0.986493,0.987506
LOKAUSDT,1745884800000,1746316800000,133.8688,0.03744515322599999,0.3214057346625,-0.10691804999993881,-0.3908786314364388,signal,30.0,22.0,1609.0,1.0,0.08315840000000001,0.08324159999999999,0.08324159999999999,0.08325835000000001
PENGUUSDT,1746057600000,1746316800000,303.533433,-0.12619226254634996,0.703936281524175,-0.4501716974998724,-1.2803002415703975,signal,18.0,12.0,27279.0,1.0,0.0111214365,0.011136565499999999,0.0103741845,0.010372811000000001
FIDAUSDT,1746057600000,1746403200000,303.485,0.0213426844875,0.69063802959375,-0.8292368749998711,-1.498532220106121,signal,24.0,19.0,3625.0,1.0,0.08367814000000001,0.0838419,0.075027495,0.0749625
ACTUSDT,1744848000000,1746921600000,299.63424000000003,1.7826640338384006,0.819832296132,-1.605128400000075,-0.6422966622936745,watchdog,138.0,131.0,5136.0,1.0,0.05831083000000001,0.058329149999999996,0.074882155,0.07458795
INITUSDT,1745798400000,1747008000000,299.4551,0.829889891215,0.931117888785,-2.3268084000000293,-2.428036397570029,watchdog,78.0,68.0,427.0,1.0,0.70094935,0.702351,1.1178743000000002,1.11382675
RIFUSDT,1746057600000,1747008000000,201.9509,2.223923796329,0.53719520943,-1.4785107999998912,0.20821778689910886,signal,66.0,58.0,4295.0,1.0,0.04699649,0.04712355,0.05728862999999999,0.05707145
MAVUSDT,1746921600000,1747267200000,204.95772000000002,0.0552171566088,0.49161485773799996,-0.7250389199999177,-1.1614366211291176,signal,12.0,11.0,2628.0,1.0,0.077951005,0.07808902499999999,0.07793894999999999,0.07780108000000001
GMTUSDT,1747008000000,1747526400000,303.1954,0.475658266528,0.685349565795,-0.04529050000000079,-0.25498179926700076,signal,18.0,14.0,4780.0,1.0,0.063398285,0.0634317,0.056048009999999995,0.05607195
ONDOUSDT,1747180800000,1747526400000,303.29376,-0.05795168153279998,0.682516721502,-0.30740292000006975,-1.0478713230348697,signal,24.0,13.0,290.40000000000003,1.0,1.0438778,1.04442195,0.9146571,0.9141427
SYSUSDT,1747267200000,1747699200000,208.07219999999998,0.399854560784,0.49176298591875,-1.7205840749999666,-1.8124925001347165,signal,30.0,27.0,3745.0,1.0,0.05553222,0.055727849999999995,0.053936954999999995,0.05367315
LOKAUSDT,1747008000000,1748044800000,188.9505,-0.10038828783600007,0.386948700045,-0.7022501999999484,-1.1895871878809485,signal,72.0,62.0,1899.0,1.0,0.09945025,0.09964979999999998,0.07033515,0.0701649
RIFUSDT,1747612800000,1748390400000,216.33272,1.1352624519596,0.50268809435475,-0.8325913749999525,-0.20001701739510258,signal,54.0,47.0,3761.0,1.0,0.057491240000000006,0.057628799999999994,0.053856915,0.053773100000000004
1000PEPEUSDT,1746921600000,1748736000000,303.5080736,1.058952828914484,0.67406539954212,-0.7301816071999054,-0.34529417782754135,signal,63.0,50.0,22172.0,1000.0,0.0136819556,1.3706849999999999e-05,0.011642218199999999,1.1634180000000001e-05
BSWUSDT,1751414400000,1751673600000,278.06777999999997,1.2681164417466,0.5523964535879999,-23.983616819999856,-23.267896831841256,unavailable,18.0,17.0,15474.0,1.0,0.017961015,0.018008999999999997,0.012696345,0.0111944
ALPHAUSDT,1751587200000,1751673600000,236.75418,0.1865625395904,0.541884404385,-7.035482879999934,-7.390804744794534,unavailable,3.0,3.0,21942.0,1.0,0.010784605,0.010705349999999999,0.010095044999999999,0.009695150000000001
OMNIUSDT,1751587200000,1751673600000,311.36868,-0.20634130816739998,0.714708952083,-3.365116019999861,-4.286166280250261,signal,6.0,0.0,197.82,1.0,1.5732130000000002,1.58079,1.4387189999999999,1.429285
LOKAUSDT,1751500800000,1751760000000,151.11576,-0.9624388396968001,0.36987546671999993,-0.9272829599999319,-2.259597266416732,signal,18.0,11.0,3096.0,1.0,0.048785595,0.049124549999999996,0.050535254999999994,0.0505747
BANANAS31USDT,1751932800000,1752105600000,309.50788,0.24466026221472,0.8726029300956001,-1.4402419679999907,-2.068184635880871,watchdog,6.0,6.0,20504.0,1.0,0.015087452500000001,0.015089541,0.020418582,0.0203504285
BANANAS31USDT,1752105600000,1752192000000,309.454857,0.0,0.91224293728395,-1.788187853999843,-2.700430791283793,watchdog,0.0,0.0,12581.0,1.0,0.024584701500000004,0.024598293,0.035911787,0.035783244500000005
BANANAS31USDT,1752192000000,1752278400000,309.28713200000004,0.0,0.727547410770675,-142.95592246950002,-143.6834698802707,liquidated,0.0,0.0,8299.0,1.0,0.037249366000000006,0.037248615,0.07423928367960202,0.0572909345
LUMIAUSDT,1752192000000,1752278400000,194.31762,0.0,0.5984518213500001,-1.2544306200000046,-1.8528824413500047,watchdog,0.0,0.0,728.6,1.0,0.26656665,0.266133,0.41952835,0.417373
BANANAS31USDT,1752278400000,1752537600000,302.03817000000004,-2.1204045792384,0.530646581367,0.08535933000005103,-2.565691830605349,signal,18.0,6.0,16485.0,1.0,0.018312839,0.018321155999999998,0.008498246999999999,0.008511742
BAKEUSDT,1751414400000,1752624000000,199.43,0.28859001259,0.45870187646250005,-0.9927747500000222,-1.1628866138725222,signal,42.0,33.0,2035.0,1.0,0.09795100000000001,0.09814905,0.08994495,0.08965515
API3USDT,1752278400000,1753142400000,265.5312,0.471606610776,0.7271371551000001,-0.7939052000000075,-1.0494357443240077,signal,60.0,59.0,376.0,1.0,0.7058469,0.7073535,0.9051523499999999,0.9045475000000001
ASRUSDT,1747008000000,1753488000000,151.371,3.719469211812002,0.44824375210500006,-1.0680621000000061,2.2031633597069957,watchdog,444.0,433.0,83.4,1.0,1.8140925,1.8179085,2.6679960000000005,2.6590055
LAUSDT,1752710400000,1754438400000,301.888,0.9432717518720003,0.6695113742400001,-0.3882143999997705,-0.11445402236777025,signal,150.0,142.0,848.0,1.0,0.355822,0.35657819999999996,0.30145065,0.30174905
BAKEUSDT,1753488000000,1754524800000,301.941,0.4442369028149999,0.6670787497875,-1.5054322499998913,-1.7282740969723915,signal,36.0,32.0,3165.0,1.0,0.0953523,0.09554775,0.08034014999999999,0.08005995
RIFUSDT,1752278400000,1755302400000,79.91951999999999,0.7414536280280003,0.18172190537400001,-0.004495640000006462,0.5552360826539938,signal,210.0,193.0,1336.0,1.0,0.059790090000000004,0.05972985,0.053636804999999996,0.0535732
1000PEPEUSDT,1753142400000,1755388800000,301.9375497,1.2351082000118325,0.6469462609320451,-0.063845919799983,0.5243160192798044,signal,78.0,67.0,21409.0,1000.0,0.01409624835,1.4097045e-05,0.011086640549999999,1.1084455e-05
ASRUSDT,1754611200000,1755475200000,306.065,0.7527268252600001,0.5908115087999999,-0.410368999999962,-0.24845368353996178,signal,60.0,56.0,41.0,1.0,7.4612675,7.46373,4.550274,4.5427275
NTRNUSDT,1740700800000,1756252800000,214.0725,4.991077593817102,0.41932424036625,-0.9078225250000012,3.6639308284508507,signal,1080.0,1002.0,1241.0,1.0,0.17241375,0.17298644999999999,0.108904425,0.1087456
BAKEUSDT,1755475200000,1756684800000,306.441,0.6370198776449999,0.6993619876125,-0.9383422499997972,-1.0006843599672974,signal,42.0,36.0,3555.0,1.0,0.08615690000000001,0.08624309999999999,0.07783889999999999,0.07766115000000001
DYMUSDT,1756684800000,1756857600000,310.81134000000003,-0.22208543648499995,0.7413751899809999,0.2611342800000788,-0.7023263464659211,signal,12.0,9.0,1465.4,1.0,0.21199395000000001,0.21110549999999997,0.21060525,0.209895
FORMUSDT,1752537600000,1757894400000,301.72319999999996,7.472851050384,0.61078943175,0.25457779999994323,7.116639418633944,signal,372.0,361.0,92.0,1.0,3.2779602,3.2752368,2.25622755,2.2562713000000003
HIFIUSDT,1757894400000,1758153600000,311.29974999999996,0.2151112107018,0.50106250609575,-8.065313584999913,-8.351264880393863,unavailable,18.0,17.0,823.0,1.0,0.378060875,0.37278629999999996,0.14201097000000001,0.1269365
TUTUSDT,1755388800000,1758326400000,306.47322,3.6561255477804995,0.920914982415,-1.8948778000000874,0.840332765365412,watchdog,198.0,198.0,5113.0,1.0,0.05991003,0.05990994,0.09041542000000001,0.09004473
TONUSDT,1752278400000,1758672000000,301.9812,5.559256300193999,0.70614012888,-0.4252175999999479,4.427898571314051,signal,444.0,403.0,102.0,1.0,2.9591197,2.9624805,2.8084035,2.8075955
ALPINEUSDT,1755302400000,1758931200000,273.66839000000004,6.941099474185299,0.77056076189925,-2.19198875499998,3.978549957286069,watchdog,246.0,246.0,124.9,1.0,2.19000445,2.1900945,2.9620364,2.9445765
ATAUSDT,1747958400000,1759104000000,161.8725,4.327737141575001,0.32680371225000004,-0.27232999999996577,3.7286034293250347,signal,387.0,359.0,2825.0,1.0,0.05727135,0.057328649999999995,0.03911955,0.03908045
ALPINEUSDT,1758931200000,1759190400000,310.98677999999995,2.1488773482149996,0.9251923691205,-1.9449038699999712,-0.7212188909054715,watchdog,12.0,12.0,66.3,1.0,4.6882547,4.680339,6.9688376000000005,6.931587
1000LUNCUSDT,1758326400000,1759190400000,310.9575,0.6109222470750001,0.7178495900624999,-1.385553749999914,-1.492481092987414,signal,30.0,25.0,5250.0,1000.0,0.059200385,5.9449709999999995e-05,0.054597284999999995,5.4582695e-05
ALPINEUSDT,1759190400000,1759276800000,310.434,0.0,1.0106450474175,-8.298766649999818,-9.309411697417318,watchdog,0.0,0.0,46.5,1.0,6.672662000000001,6.6663315,11.5587121,11.3739135
ALPINEUSDT,1759276800000,1759536000000,313.99875000000003,-0.03189651029999999,0.4572821145375,0.44536950000006337,-0.04380912483743663,signal,18.0,8.0,47.5,1.0,6.607194750000001,6.597297,1.42181055,1.421289
TUTUSDT,1759104000000,1759708800000,311.18505999999996,0.8171280981897,0.92875584353025,-3.55937493500024,-3.6710026803407896,watchdog,36.0,36.0,3643.0,1.0,0.08537729,0.085332645,0.12774132500000002,0.126719635
TUTUSDT,1759708800000,1760313600000,314.36696,0.8220852424424,0.491372216265,1.013607859999916,1.3443208861773162,signal,42.0,36.0,3028.0,1.0,0.10376809000000001,0.10350172499999999,0.031585785,0.031654165
WLFIUSDT,1759190400000,1760659200000,310.8672,1.2128265969660001,0.623438005455,-0.05697689999999522,0.5324116915110049,signal,102.0,91.0,1542.0,1.0,0.20149920000000002,0.20140065,0.13556775000000001,0.13543225
USTCUSDT,1758153600000,1760745600000,218.16129,1.5269945200866002,0.420125777261775,-0.23283652949993305,0.8740322133248921,signal,180.0,161.0,16743.0,1.0,0.013023485000000001,0.013046519999999999,0.0078669315,0.00787606
DEGOUSDT,1760659200000,1761264000000,238.16364000000002,0.5637118848504001,0.7215110198010001,-1.0024786200000615,-1.1602777549506613,watchdog,36.0,36.0,171.60000000000002,1.0,1.38720605,1.3856925,2.1221785000000004,2.114823
LUMIAUSDT,1752278400000,1761868800000,194.31545000000003,6.355537309778001,0.33779400668625004,-0.6158896749999364,5.401853628091814,signal,666.0,626.0,668.9000000000001,1.0,0.29035475,0.29114549999999995,0.130065,0.12993500000000002
GTCUSDT,1761264000000,1761868800000,142.1055,0.15296102839,0.31768060383749996,0.42185425000000776,0.2571346745525078,signal,21.0,18.0,686.5,1.0,0.2068965,0.20710349999999997,0.17808899999999997,0.1789105
ASTERUSDT,1760745600000,1762214400000,313.7367,0.889517275741,0.6734949255525,0.007953850000131046,0.22397620018863107,signal,102.0,87.0,271.0,1.0,1.15712115,1.1585789999999998,0.9120557999999999,0.9135430000000001
KDAUSDT,1762041600000,1762473600000,318.8697,4.206017032368,0.5657841665250001,-0.47187219999997043,3.1683606658430294,unavailable,26.0,24.0,6245.0,1.0,0.051034470000000005,0.05082539999999999,0.02477238,0.024487750000000003
GIGGLEUSDT,1762560000000,1762732800000,318.3639,-0.7064645071920002,0.7814978289000001,-0.5708802000000339,-2.058842536092034,signal,12.0,8.0,2.0100000000000002,1.0,158.310805,158.389155,165.772845,165.56717500000002
FLMUSDT,1762214400000,1762992000000,106.0636,4.275502478229,0.226939156845,0.8114866000000315,4.860049921384031,unavailable,54.0,54.0,5003.0,1.0,0.0211894,0.02111055,0.0166083,0.01669165
LUMIAUSDT,1762732800000,1763856000000,246.41184,0.7545314100186001,0.5291102425185001,0.431075430000051,0.656496597500151,signal,78.0,70.0,1452.9,1.0,0.1695152,0.17008500000000001,0.1330665,0.13393300000000002
SAHARAUSDT,1763856000000,1764460800000,319.50061,1.1247712493259001,0.59844170382975,-1.52473634500005,-0.9984067995038999,signal,42.0,39.0,4103.0,1.0,0.077831065,0.07773885,0.04406202,0.04359819
BARDUSDT,1761868800000,1765497600000,314.63280000000003,4.52837025,0.9510877116075,-1.3067228499999708,2.270559688392529,watchdog,246.0,246.0,491.0,1.0,0.6404796,0.6412204499999999,0.9744595,0.972539
XPLUSDT,1759536000000,1765670400000,313.92560000000003,2.075775561327,0.44403603231,-0.00902499999996087,1.6227145290170393,signal,426.0,367.0,361.0,1.0,0.8691652000000001,0.8692344,0.15577785,0.15582205000000002
DEXEUSDT,1758672000000,1766188800000,150.21944,2.1072591551563997,0.24246102484800003,-0.07994713999995684,1.7848509903084429,signal,522.0,491.0,15.26,1.0,9.839078,9.8479215,3.393696,3.3973005
VANRYUSDT,1765497600000,1766188800000,152.80408,0.373829513431,0.32370057678749997,0.5033409700000372,0.5534699066435372,signal,48.0,36.0,15466.0,1.0,0.00987506,0.009804899999999998,0.0076338149999999995,0.0075962
TRUUSDT,1765670400000,1766361600000,116.30245,0.30741212939750007,0.24294622027499999,-0.2025284499999617,-0.13806254087746161,signal,24.0,20.0,10265.0,1.0,0.011324335,0.011305649999999999,0.008434215,0.0083958
LUMIAUSDT,1766361600000,1766534400000,84.9696,-1.2659703885698,0.22075943810100002,0.1701162200000414,-1.3166136066707586,signal,12.0,3.0,885.1,1.0,0.09595200000000001,0.096048,0.1116558,0.111944
TSTUSDT,1743724800000,1767225600000,300.1107,16.3070863896177,0.44124219963675004,0.187259685000018,16.05310387498097,signal,1632.0,1615.0,4269.0,1.0,0.07026485,0.0702351,0.015877935,0.01589205
ACTUSDT,1766361600000,1767484800000,323.9445,1.217015928645,0.7143992271899999,-1.7437496999999955,-1.2411329985449955,signal,78.0,68.0,9570.0,1.0,0.033833075,0.033916949999999994,0.028384185,0.02828585
BROCCOLI714USDT,1767484800000,1767571200000,204.6672,0.0,0.618388641432,-1.3608691199999954,-1.9792577614319953,watchdog,0.0,0.0,11184.0,1.0,0.01829085,0.018299145,0.027851715000000003,0.027738330000000002
SCRUSDT,1767225600000,1767744000000,155.9373,0.06417497320200004,0.400714494165,-2.421170999999974,-2.757710520962974,signal,36.0,24.0,2130.0,1.0,0.073173395,0.07403699999999999,0.08323159499999999,0.0829585
BROCCOLI714USDT,1767571200000,1767830400000,209.20726,0.659287055448,0.6228410380807501,-2.0799640249999385,-2.043518007632689,watchdog,12.0,12.0,7229.0,1.0,0.02892553,0.028884435,0.04310456000000001,0.04277574000000001
BROCCOLI714USDT,1767830400000,1768176000000,211.20396,-0.25890530684859997,0.504367079031,-0.5690897399999801,-1.3323621258795801,signal,24.0,15.0,7442.0,1.0,0.02836581,0.028434209999999998,0.02807403,0.02806596
币安人生USDT,1768176000000,1768435200000,327.74339,0.1994782389312,1.0349609205127501,-4.396383085000005,-5.2318657665815556,watchdog,12.0,11.0,2179.0,1.0,0.150334795,0.1502751,0.24680966000000001,0.24473235000000002
GTCUSDT,1766620800000,1768435200000,36.171600000000005,0.34493100644400004,0.09131156601,0.2042714000000042,0.45789084043400424,signal,63.0,57.0,280.40000000000003,1.0,0.1289355,0.12806399999999998,0.1430715,0.14292849999999999
ATAUSDT,1768435200000,1768953600000,33.0225,0.022849324470000005,0.07531865066249999,-0.2412427499999935,-0.2937120761924935,signal,18.0,14.0,1785.0,1.0,0.01849075,0.0186093,0.0166083,0.0165917
KITEUSDT,1766188800000,1769644800000,323.85206,7.405398469256899,0.9742518859605,-1.8632659499998978,4.567880633296501,watchdog,234.0,234.0,3661.0,1.0,0.08841577,0.08824409999999999,0.13388052,0.1331999
XVSUSDT,1769040000000,1769731200000,121.63380000000002,-0.62888666049,0.236180165085,1.0686969000000888,0.20363007442508885,signal,24.0,19.0,22.200000000000003,1.0,5.4762605,5.472734999999999,3.3636809999999997,3.4082950000000003
NKNUSDT,1767744000000,1770422400000,45.54396,0.6043410892701,0.07715474046,0.6035576400000026,1.1307439888101025,unavailable,182.0,171.0,3339.0,1.0,0.01363318,0.013606799999999999,0.00554277,0.005697150000000001
SOLVUSDT,1756252800000,1770768000000,306.64848,9.872082929936004,0.40747440921449996,0.017381030000023,9.481989550721527,signal,1008.0,994.0,7138.0,1.0,0.04293852,0.042961469999999995,0.004602299999999999,0.0046276849999999994
KITEUSDT,1769644800000,1771027200000,327.87448,3.7047740556356,0.981056041572,-0.9683906399998852,1.755327374063715,watchdog,90.0,90.0,2308.0,1.0,0.14198897,0.14157074999999997,0.21301905000000002,0.21218125000000002
RIFUSDT,1756944000000,1771113600000,105.05586000000001,3.3196358166269992,0.19888173037200002,-0.01803542000001218,3.102718666254987,signal,984.0,913.0,1846.0,1.0,0.056881545000000006,0.05692845,0.032846415,0.03288355
ATAUSDT,1770422400000,1771545600000,34.0044,0.11997877628400003,0.07888251747000001,0.19783180000001072,0.23892805881401072,signal,39.0,37.0,2636.0,1.0,0.01289355,0.0128064,0.012106049999999998,0.012093950000000001
CTSIUSDT,1770768000000,1771804800000,57.0807,0.119922880914,0.13338545805000002,0.3263004000000078,0.3128378228640078,signal,36.0,30.0,2187.0,1.0,0.026086950000000005,0.02611305,0.0246123,0.0247876
CELRUSDT,1771632000000,1772064000000,88.32264,-0.037743826861199994,0.2065711694445,-0.4045409339999409,-0.6488559303056409,signal,15.0,12.0,33204.0,1.0,0.00265867,0.0026683335,0.00252126,0.00251874
KITEUSDT,1771027200000,1772323200000,332.08320000000003,1.0681502660820001,0.8298263232225,0.42240075000005994,0.66072469285956,signal,90.0,77.0,1410.0,1.0,0.23540224,0.2353176,0.25495741499999997,0.25517235000000005
ATAUSDT,1771804800000,1772323200000,16.656,-0.020526768343999996,0.03837139533,0.10680660000000985,0.04790843632600986,signal,18.0,12.0,1388.0,1.0,0.011994000000000001,0.01190595,0.01110555,0.01109445
BNTUSDT,1772064000000,1772323200000,27.1676,-0.010826997735999997,0.06437987316,-0.09045440000000586,-0.16566127089600585,signal,9.0,7.0,92.0,1.0,0.29515235,0.29544765,0.28824405000000003,0.28755615
TRUUSDT,1772323200000,1772582400000,56.346752,-0.07134321479500001,0.1381581533943,-0.8239226059999827,-1.0334239741892828,signal,9.0,6.0,11434.0,1.0,0.004925536,0.0050025,0.0050925449999999995,0.005097450000000001
BANANAS31USDT,1772668800000,1772928000000,325.186126,0.68894697779425,0.9608980156449749,-2.326917866499994,-2.5988689043507187,watchdog,12.0,12.0,63787.0,1.0,0.005095451,0.0050975475,0.0074782005,0.0074438175
NTRNUSDT,1772323200000,1772928000000,77.26033,0.10141757405780001,0.17312329579125002,-0.46597435499997847,-0.5376800767334284,signal,42.0,31.0,6433.0,1.0,0.012003995,0.012006,0.01046523,0.010394800000000001
TRUUSDT,1772841600000,1773014400000,56.349314,-0.10685916293654002,0.13393499277165,0.924503349000027,0.6837091932918369,signal,6.0,1.0,11386.0,1.0,0.004946525500000001,0.004902449999999999,0.004860429,0.0048975500000000005
BANANAS31USDT,1772928000000,1773446400000,336.34251,0.7037732407431601,0.98156555068635,-2.542113692999924,-2.819906002943114,watchdog,30.0,30.0,47439.0,1.0,0.007086455,0.007079538,0.0101982745,0.0101377705
HOMEUSDT,1754611200000,1774828800000,306.22632,15.125965901642873,0.5522312437608,-0.15685366399991174,14.416880993882161,signal,1404.0,1381.0,7984.0,1.0,0.038335822500000005,0.038319149999999996,0.0193366635,0.019300345000000003
TRUUSDT,1773187200000,1774828800000,60.834998000000006,1.3284158786835798,0.13554602119792503,-0.7027020044999829,0.4901678529856719,signal,57.0,47.0,12037.0,1.0,0.005051473000000001,0.00510255,0.0043051515,0.004297850000000001
BANKUSDT,1763337600000,1775260800000,319.38802,9.526234670120193,0.5782552887615,-0.4256912899998153,8.522288091358877,signal,828.0,823.0,5626.0,1.0,0.056741615,0.05672835,0.028974479999999997,0.02888555
TRUUSDT,1775260800000,1775520000000,72.738975,-0.04269460042275003,0.2260641599325,1.6838336750000253,1.4150749146447754,watchdog,6.0,5.0,16175.0,1.0,0.0044947515000000006,0.004502249999999999,0.0070776005000000005,0.007189200000000001
币安人生USDT,1768435200000,1775692800000,327.46584,2.8205073058692016,0.512607458835,0.12901986000000742,2.436919707034209,signal,504.0,478.0,1236.0,1.0,0.26480753,0.2647323,0.080830395,0.08085955
ACTUSDT,1775520000000,1775692800000,163.06175,-0.02715568836000001,0.39688312640625,-1.0267598750000262,-1.4507986897662761,signal,12.0,7.0,13925.0,1.0,0.011704145000000001,0.0118059,0.01196598,0.011994000000000001
PARTIUSDT,1774828800000,1775865600000,282.04010999999997,-0.3865034844462,0.53080962058575,-0.02607214500003563,-0.9433852500319856,signal,72.0,65.0,3201.0,1.0,0.08806594499999999,0.08824409999999999,0.049904939999999995,0.05007495
MBOXUSDT,1775692800000,1776297600000,191.10528,-0.3811967585088001,0.45279398807999993,-0.37740288000000877,-1.2113936265888088,signal,42.0,35.0,15024.0,1.0,0.012713640000000002,0.012706349999999998,0.01242621,0.0123938
FIOUSDT,1775865600000,1776297600000,87.65491,1.61449792153328,0.1674202463346,-4.284161657999946,-2.837083982801266,unavailable,26.0,26.0,20314.0,1.0,0.0043128425000000005,0.004302149999999999,0.0027003495,0.00247876
GTCUSDT,1775779200000,1776470400000,32.59376,0.040700604193599985,0.0848220571878,-0.2831968439999957,-0.3273182969941957,signal,24.0,18.0,416.8,1.0,0.0781609,0.0790395,0.090755355,0.09095450000000001
LUMIAUSDT,1769817600000,1776556800000,199.43474999999998,3.4531444188055995,0.547863498661125,-1.8941005525000396,1.0111803676444349,watchdog,462.0,455.0,2253.5,1.0,0.08845575,0.0888444,0.11418101500000001,0.11372915
PHBUSDT,1774828800000,1776556800000,149.0112,1.1095218604640003,0.41914454202,0.36592119999996725,1.0562985184439675,watchdog,57.0,55.0,1592.0,1.0,0.0935532,0.09404699999999999,0.12508735,0.125811
HIGHUSDT,1776470400000,1776556800000,69.25784,0.0,0.20501192580900002,-0.5644896599999676,-0.7695015858089675,watchdog,0.0,0.0,478.3,1.0,0.1447276,0.14607299999999998,0.2115168,0.211682
BNTUSDT,1776556800000,1776643200000,27.4384,-0.059795961632,0.06535326732,-0.0368455999999914,-0.1619948289519914,signal,3.0,1.0,88.0,1.0,0.31164410000000003,0.3125562,0.3063531,0.3068465
DENTUSDT,1776643200000,1776816000000,132.7446075,0.36423814078,0.4111177765351875,-3.5401011162499763,-3.586980752005164,watchdog,3.0,3.0,1632775.0,1.0,8.125935e-05,8.10405e-05,0.000130195,0.000127808
DEGOUSDT,1776556800000,1776816000000,340.74885,4.576536638349,0.75303179707275,-38.82121054499994,-34.997705703723696,unavailable,14.0,14.0,2109.9,1.0,0.16141925000000001,0.162081,0.1466733,0.1289355
ACTUSDT,1776297600000,1777420800000,141.52929,0.47565698484429997,0.34996050769575004,-0.3969019249999569,-0.271205447851407,signal,78.0,67.0,10507.0,1.0,0.013463265,0.0134067,0.01438719,0.014292850000000001
NFPUSDT,1771113600000,1777593600000,103.69348,1.7454426271084003,0.20780891883674996,0.44262894499999844,1.9802626532716487,signal,450.0,438.0,5599.0,1.0,0.018510739999999998,0.018409199999999997,0.012496244999999998,0.01247376
ATAUSDT,1773446400000,1777680000000,15.736500000000001,0.2622721005835,0.03467716122,0.024909400000002663,0.25250433936350264,signal,147.0,130.0,1345.0,1.0,0.01169415,0.01170585,0.009764879999999998,0.009795100000000001
BANANAS31USDT,1773446400000,1777852800000,336.30646,9.293776749602097,0.8164256678812498,0.39031310500010563,8.867664186720953,signal,306.0,299.0,30590.0,1.0,0.010988503,0.010984489499999998,0.011249621999999999,0.011258368
XVGUSDT,1776556800000,1777852800000,165.276408,0.1457291293227,0.3969863490483,-0.6115507860000001,-0.8628080057256001,signal,45.0,44.0,46794.0,1.0,0.003530234,0.003539769,0.0035357669999999996,0.003532233
ACEUSDT,1777593600000,1777852800000,145.68004,-0.0019121717167999985,0.35965754709750003,-0.9243685899999416,-1.2859383088142418,signal,18.0,14.0,1249.4,1.0,0.1165417,0.1170585,0.12316155,0.1229385
ACEUSDT,1778025600000,1778371200000,145.67718000000002,-0.47142454209840007,0.373391035026,-1.2404632599999879,-2.0852788371243878,signal,24.0,18.0,1161.7,1.0,0.1253373,0.12606299999999998,0.14227109999999998,0.141929
GTCUSDT,1776902400000,1778544000000,32.412016,0.18676237470044005,0.09695200678170002,0.8197433580000051,0.9095537259187452,watchdog,54.0,44.0,316.40000000000003,1.0,0.10238878000000001,0.10305149999999999,0.150515435,0.15376900000000002
KITEUSDT,1776297600000,1778716800000,340.44969,4.3136176573944,1.0114152076395,-1.7512734000001886,1.5509290497547115,watchdog,162.0,162.0,2433.0,1.0,0.139860035,0.1398699,0.20700003500000003,0.2062901
PHBUSDT,1776988800000,1778716800000,123.4065,0.7039295239480001,0.24925301698500002,0.01758119999997243,0.47225770696297253,signal,60.0,55.0,1127.0,1.0,0.10944525000000001,0.1090545,0.07533765,0.0749625
ACTUSDT,1778112000000,1778803200000,176.41920000000002,0.24886964712000004,0.41751174671999997,-1.2311807999999285,-1.3998228995999284,signal,48.0,35.0,11040.0,1.0,0.015972010000000002,0.016007999999999998,0.015567779999999998,0.01549225
ACEUSDT,1778716800000,1778976000000,205.61341000000004,-0.06334326139199997,0.46460691477600013,0.8809512100000645,0.3530010338320644,signal,18.0,10.0,1585.3000000000002,1.0,0.12963515,0.1290645,0.11495745,0.11494250000000002
ATAUSDT,1778198400000,1779235200000,28.1147,0.295294357542,0.0473070138825,-0.013110549999981319,0.2348767936595187,unavailable,34.0,27.0,2630.0,1.0,0.010684655000000001,0.010705349999999999,0.004282139999999999,0.004297850000000001
SYSUSDT,1778976000000,1779235200000,36.977599999999995,0.1733870330976,0.074720346,1.7714409600000145,1.8701076470976143,unavailable,14.0,14.0,6112.0,1.0,0.0060469750000000004,0.005972984999999999,0.004052025,0.004267865000000001
GTCUSDT,1779494400000,1779840000000,86.10116400000001,-0.02710385093160001,0.19184355626220004,-0.9324406800000127,-1.1513880871938127,signal,12.0,7.0,788.4000000000001,1.0,0.109155395,0.110055,0.09323659499999999,0.09295350000000001
GENIUSUSDT,1779580800000,1780099200000,342.7476,-1.723131470787,0.6938071601625001,0.6156637500001029,-1.8012748809493973,signal,36.0,26.0,519.0,1.0,0.6600698,0.6605301,0.4526262,0.45427275000000006
NFPUSDT,1778544000000,1780185600000,100.87575000000001,-0.29012288599459995,0.21949767343424997,0.31264403500005034,-0.1969765244287996,signal,114.0,108.0,7079.0,1.0,0.014242875000000002,0.014237114999999998,0.011575785,0.01161419
币安人生USDT,1777420800000,1780272000000,338.88140000000004,7.285856510212801,1.013743785834,-1.9630811200000644,4.3090316043787364,watchdog,192.0,185.0,884.0,1.0,0.383158325,0.3835917,0.5733287050000001,0.5715414000000001
GTCUSDT,1780272000000,1780531200000,89.594358,-0.021480555195299997,0.20602994920905,-0.7322098670000123,-0.9597203714043624,signal,9.0,5.0,950.2,1.0,0.094242855,0.0950475,0.08592293999999999,0.08595699999999999
MOVEUSDT,1780531200000,1780963200000,166.617,-1.0024733442636002,0.40136165487,-0.33446819999996225,-1.7383031991335625,signal,30.0,22.0,12342.0,1.0,0.01349325,0.01350675,0.013606799999999999,0.0135932
SAHARAUSDT,1780963200000,1781049600000,347.14737,-2.2484774824569,0.6394815449685001,1.8842841000000834,-1.0036749274253167,signal,6.0,0.0,10071.0,1.0,0.034452765,0.034417199999999995,0.01838919,0.018540725
COOKIEUSDT,1780099200000,1781827200000,192.48064000000002,1.2785590176237998,0.3939129039945,-0.011871749999930736,0.872774363629369,signal,120.0,108.0,15829.0,1.0,0.012153920000000002,0.012106049999999998,0.00864432,0.008595700000000001
ASRUSDT,1777939200000,1782000000000,53.8896,0.7820510553160003,0.11222196261,0.03729980000002037,0.7071288927060206,signal,282.0,276.0,43.6,1.0,1.235382,1.236618,0.9074535,0.909545
GTCUSDT,1781827200000,1782086400000,79.95478,-0.0009523423077000062,0.19119108748124997,0.6274645950000128,0.4353211652110629,signal,9.0,7.0,1049.0,1.0,0.07618189,0.076038,0.07550773499999999,0.075962
MOVEUSDT,1782086400000,1782259200000,173.36112,-0.201716043664,0.412537612344,-3.0595446399999098,-3.67379829600791,signal,12.0,4.0,15088.0,1.0,0.011484255,0.011605799999999998,0.011275634999999999,0.0111944
TONUSDT,1782086400000,1782259200000,347.67302,4.1803402987924,0.81778122231225,-3.1541279249999534,0.20843115148019642,unavailable,8.0,8.0,211.3,1.0,1.6445773000000001,1.6438214999999998,1.59089505,1.575212
LUMIAUSDT,1779235200000,1782432000000,242.19621,2.7482418709097405,0.730467123740775,-0.7786399994999921,1.2391347476689734,watchdog,215.0,215.0,2448.9,1.0,0.09885055000000001,0.09894945,0.14979435500000002,0.1495753
COOKIEUSDT,1782345600000,1782691200000,85.15979999999999,0.03782517844049999,0.2181739616925,0.023964049999975118,-0.1563847332520249,signal,24.0,17.0,10285.0,1.0,0.00827586,0.00830415,0.00936468,0.0093953
NFPUSDT,1782604800000,1782950400000,132.649425,1.9085978924142002,0.397498031505,-2.5134581249999943,-1.0023582640907942,watchdog,18.0,17.0,25485.0,1.0,0.005202397500000001,0.005202599999999999,0.0078567675,0.007758345000000001
THEUSDT,1782950400000,1783036800000,78.64134,0.0,0.25385909963182507,2.360343501499983,2.1064844018681583,watchdog,0.0,0.0,1659.1000000000001,1.0,0.0473763,0.04732365,0.079308785,0.0806788
DEXEUSDT,1781049600000,1783382400000,347.20936,8.102599510618198,1.036782257829,-1.9346091800000838,5.131208072789114,watchdog,155.0,155.0,18.02,1.0,19.258366000000002,19.259625,28.753065000000003,28.646965
GTCUSDT,1782345600000,1783555200000,62.036659,0.33228509727213007,0.1485300604365,-1.362868128999977,-1.179113092164347,signal,42.0,34.0,885.1,1.0,0.070054955,0.07103549999999999,0.069524745,0.06896550000000001
DEXEUSDT,1783382400000,1783900800000,351.79200000000003,2.0542116193199997,1.0629844076250001,-1.5645482999999367,-0.5733210883049371,watchdog,30.0,30.0,12.6,1.0,27.906040000000004,27.890938499999997,42.493645,42.354373
FORMUSDT,1760313600000,1784073600000,314.70479000000006,7.152773800394497,0.45299313634425,-0.15576889499984936,6.544011769050398,signal,1649.0,1548.0,316.70000000000005,1.0,0.99320315,0.9938966999999999,0.19819905,0.19840075000000001
BANKUSDT,1782691200000,1784246400000,108.60369,0.7779882343397999,0.32797825544475,-0.21692494499998605,0.23308503389506385,watchdog,102.0,102.0,2973.0,1.0,0.036511735000000003,0.0364182,0.05558325,0.05541675
DEXEUSDT,1784073600000,1784419200000,351.9954,-0.14570550480299999,0.78224872172625,-0.33771946500003247,-1.2656736915292826,signal,24.0,18.0,8.49,1.0,41.43927,41.470725,35.327655,35.319331500000004
币安人生USDT,1780272000000,1784505600000,347.00281,7.553480851339501,0.84957512819025,-0.12049075500002282,6.583414968149228,signal,293.0,281.0,539.0,1.0,0.643468105,0.64342155,0.67023495,0.6699648500000001
MOVEUSDT,1784505600000,1785024000000,99.78584000000001,0.23990349956719997,0.22980795852,-0.1914354399999482,-0.1813398989527482,signal,36.0,32.0,9352.0,1.0,0.010664665000000002,0.010705349999999999,0.009774884999999999,0.009795100000000001
TSTUSDT,1783900800000,1785888000000,171.472299,1.4035933764971804,0.39807801229972495,0.16638646050006867,1.1719018246975241,signal,138.0,135.0,16069.0,1.0,0.0106656645,0.010655324999999998,0.00998499,0.009985005000000002
HFTUSDT,1779840000000,1785974400000,60.1244,1.4172063555663998,0.179746502418,-0.7706403599999858,0.466819493148414,watchdog,210.0,207.0,5516.0,1.0,0.010894550000000001,0.010905449999999999,0.016334465000000003,0.016205655000000003
HFTUSDT,1785974400000,1786060800000,34.5492,0.0,0.10575951269625,-0.5606240849999888,-0.6663835976962389,watchdog,0.0,0.0,1890.0,1.0,0.018270860000000003,0.018177084,0.02866293,0.028272527500000002
HFTUSDT,1786060800000,1786147200000,34.54587,1.1178804655224999,0.06442300234949999,-12.329139670000004,-11.275682206827003,unavailable,8.0,8.0,1139.0,1.0,0.030314835000000002,0.030133058999999997,0.0238119,0.012805594000000002
COOKIEUSDT,1783555200000,1786233600000,79.23498,1.55752290939564,0.23561864250952497,0.13466816550000588,1.4565724323861209,signal,186.0,166.0,8943.0,1.0,0.00885557,0.00890445,0.013029511499999999,0.013093450000000001
IOTXUSDT,1784246400000,1786320000000,30.491290000000003,0.21302008488649996,0.09373711428,-0.09709168999999526,0.022191280606504687,watchdog,69.0,69.0,12710.0,1.0,0.0023978005,0.0024011999999999996,0.0037486145,0.003744375
TUTUSDT,1786320000000,1786838400000,159.10508000000002,0.33761481405399996,0.22209985608900001,0.23253485999997042,0.34804981796497036,signal,36.0,28.0,788.0,1.0,0.20180904500000002,0.201550725,0.033206595,0.03324337
FFUSDT,1786233600000,1787702400000,229.3441,1.696125305856,0.6875305193250001,-0.837421900000018,0.17117288653098184,watchdog,96.0,96.0,3530.0,1.0,0.064937515,0.06488242500000001,0.09758616,0.09729384
ICXUSDT,1787702400000,1787788800000,24.752,0.0024388455,0.057910544191500005,0.04455360000000709,-0.010918098691492914,unavailable,2.0,2.0,1547.0,1.0,0.015992000000000003,0.015957975,0.015227609999999999,0.015222385000000001
VELODROMEUSDT,1764460800000,1788134400000,171.61199,8.631032585968093,0.35669885507849997,-0.7574399800000065,7.516893750889587,end,1643.0,1637.0,5753.0,1.0,0.029815085,0.02991495,0.021810899999999998,0.021779105
XVGUSDT,1778371200000,1788134400000,190.664106,8.71919700331302,0.376447910039625,0.14974497250009683,8.492494065773492,end,339.0,339.0,51503.0,1.0,0.0037001490000000002,0.0036928454999999995,0.0023981984999999996,0.0023938025
KITEUSDT,1779062400000,1788134400000,342.8931,10.139747811743002,0.6388683562799999,-0.5962109999999254,8.904668455463076,end,629.0,621.0,1595.0,1.0,0.21487251000000002,0.21500745,0.11897946,0.11874060000000002
ASRUSDT,1783036800000,1788134400000,140.8875,3.126964954750001,0.33635071031249997,-0.11789375000006597,2.672720494437435,end,354.0,353.0,162.5,1.0,0.8665665,0.864432,0.8614305,0.8585705
GTCUSDT,1784419200000,1788134400000,30.263199999999998,0.5049080921605,0.079679672371875,-0.22478163749999347,0.20044678228863155,end,129.0,120.0,452.5,1.0,0.06684656,0.0670335,0.07996996499999999,0.07966015
ALPINEUSDT,1785024000000,1788134400000,34.359390000000005,0.38575924955100005,0.08514273189825,-0.3763158749999976,-0.07569935734724753,end,216.0,214.0,105.30000000000001,1.0,0.32613685,0.328164,0.3473736,0.345827
NOMUSDT,1785888000000,1788134400000,97.67779999999999,1.4699680875184797,0.238973537385,-0.8727006199999823,0.35829393013349753,end,156.0,148.0,67364.0,1.0,0.001449275,0.00146073,0.00150075,0.0014992500000000001
THEUSDT,1786147200000,1788134400000,88.447216,1.11406403256265,0.2353127595897,-0.3907175219999637,0.4880337509729864,end,138.0,136.0,1621.1000000000001,1.0,0.05453272,0.054427199999999995,0.06671334,0.0663668
SHELLUSDT,1786838400000,1788134400000,50.831199999999995,0.420479704068,0.126512790234,-0.13047091999999602,0.16349599383400398,end,90.0,90.0,2504.0,1.0,0.020289849999999998,0.02031015,0.021820904999999998,0.021789100000000002
COOKIEUSDT,1787788800000,1788134400000,99.399439,0.20365597514528,0.238851178854225,-0.08921295949999677,-0.12440816320894177,end,24.0,24.0,8443.0,1.0,0.0117671135,0.0118059,0.01176588,0.0117941
